[{"model": "accounts.user", "pk": 1, "fields": {"password": "pbkdf2_sha256$260000$D7jTxFBw2vuYc8JbK2cgCU$Mp0OQqTiyWb5pkemgWB3rp/atz1kRmVygetyFETeqvw=", "last_login": "2023-09-11T03:33:01.332Z", "avatar": "", "email": "admin@admin.ru", "phone": "+996502010401", "whatsapp_phone": "+996502010401", "is_employer": true, "is_staff": false, "is_student": false, "is_superuser": false, "is_active": false, "is_delete": false, "registered_at": "2023-08-25T12:34:32.560Z", "groups": [], "user_permissions": []}}, {"model": "accounts.user", "pk": 2, "fields": {"password": "ukiev228", "last_login": null, "avatar": "", "email": "devxwc@gmail.com", "phone": "+996702764567", "whatsapp_phone": "+996777777777", "is_employer": true, "is_staff": false, "is_student": true, "is_superuser": false, "is_active": true, "is_delete": false, "registered_at": "2023-08-28T07:25:22.163Z", "groups": [], "user_permissions": []}}, {"model": "accounts.user", "pk": 3, "fields": {"password": "123", "last_login": null, "avatar": "user_avatar/avatar_zCZib1i.jpg", "email": "123@gmail.com", "phone": "+996552456596", "whatsapp_phone": "+996552456596", "is_employer": true, "is_staff": false, "is_student": false, "is_superuser": false, "is_active": true, "is_delete": false, "registered_at": "2023-08-28T08:54:03.915Z", "groups": [], "user_permissions": []}}, {"model": "accounts.user", "pk": 4, "fields": {"password": "123456789", "last_login": null, "avatar": "user_avatar/lambo.jpeg", "email": "elturann2@mail.ru", "phone": "+996500425816", "whatsapp_phone": "+996500425816", "is_employer": true, "is_staff": false, "is_student": false, "is_superuser": false, "is_active": true, "is_delete": false, "registered_at": "2023-08-30T10:40:08.578Z", "groups": [], "user_permissions": []}}, {"model": "accounts.user", "pk": 5, "fields": {"password": "123", "last_login": null, "avatar": "user_avatar/stud1.jpg", "email": "kairat@gmail.com", "phone": "+996707368655", "whatsapp_phone": "+996707368655", "is_employer": true, "is_staff": false, "is_student": false, "is_superuser": false, "is_active": true, "is_delete": false, "registered_at": "2023-09-06T04:16:38.910Z", "groups": [], "user_permissions": []}}, {"model": "accounts.user", "pk": 6, "fields": {"password": "123", "last_login": null, "avatar": "user_avatar/ilon.jpg", "email": "nuris@gmail.com", "phone": "+996707368655", "whatsapp_phone": "+996707368655", "is_employer": false, "is_staff": false, "is_student": true, "is_superuser": false, "is_active": true, "is_delete": false, "registered_at": "2023-09-06T04:18:27.777Z", "groups": [], "user_permissions": []}}, {"model": "accounts.user", "pk": 7, "fields": {"password": "123", "last_login": null, "avatar": "user_avatar/ball2.jpg", "email": "rusya@gmail.com", "phone": "+996707368655", "whatsapp_phone": "+996707368655", "is_employer": false, "is_staff": false, "is_student": false, "is_superuser": false, "is_active": true, "is_delete": false, "registered_at": "2023-09-06T04:20:52.767Z", "groups": [], "user_permissions": []}}, {"model": "accounts.user", "pk": 8, "fields": {"password": "123", "last_login": null, "avatar": "user_avatar/cris.webp", "email": "aydin@gmail.com", "phone": "+996707368655", "whatsapp_phone": "+996707368655", "is_employer": false, "is_staff": false, "is_student": true, "is_superuser": false, "is_active": true, "is_delete": false, "registered_at": "2023-09-06T04:22:21.555Z", "groups": [], "user_permissions": []}}, {"model": "accounts.user", "pk": 9, "fields": {"password": "123", "last_login": null, "avatar": "", "email": "mustafa@gmail.com", "phone": "+996707368655", "whatsapp_phone": "+996707368655", "is_employer": false, "is_staff": false, "is_student": true, "is_superuser": false, "is_active": true, "is_delete": false, "registered_at": "2023-09-06T04:23:23.824Z", "groups": [], "user_permissions": []}}, {"model": "accounts.user", "pk": 10, "fields": {"password": "123", "last_login": null, "avatar": "", "email": "kalmanbetovnurislam19@gmail.com", "phone": "996707368655", "whatsapp_phone": "996707368655", "is_employer": false, "is_staff": false, "is_student": true, "is_superuser": false, "is_active": true, "is_delete": false, "registered_at": "2023-09-13T10:06:11.761Z", "groups": [], "user_permissions": []}}, {"model": "accounts.user", "pk": 11, "fields": {"password": "pbkdf2_sha256$260000$Jj66GFdNsn8FYeS45ivoPG$s0wegZyJ1+3ZWZtIDeSQvy8wWGK4hllnCUK1MkuP+bA=", "last_login": "2023-09-27T04:18:40.274Z", "avatar": "", "email": "admin123@gmail.com", "phone": "+996502010401", "whatsapp_phone": "+996502010401", "is_employer": false, "is_staff": false, "is_student": false, "is_superuser": false, "is_active": true, "is_delete": false, "registered_at": "2023-09-15T03:42:37.083Z", "groups": [], "user_permissions": []}}, {"model": "accounts.user", "pk": 12, "fields": {"password": "qwerty123", "last_login": null, "avatar": "", "email": "admin4ort@gmail.com", "phone": "+996999702345", "whatsapp_phone": "+996999702345", "is_employer": false, "is_staff": false, "is_student": true, "is_superuser": false, "is_active": true, "is_delete": false, "registered_at": "2023-09-25T08:49:43.500Z", "groups": [], "user_permissions": []}}, {"model": "accounts.user", "pk": 14, "fields": {"password": "1234", "last_login": null, "avatar": "user_avatar/Kairat2.jpg", "email": "kairat.talant.2001@gmail.com", "phone": "+996502010401", "whatsapp_phone": "+996502010401", "is_employer": false, "is_staff": false, "is_student": true, "is_superuser": false, "is_active": true, "is_delete": false, "registered_at": "2023-09-26T11:11:40.426Z", "groups": [], "user_permissions": []}}, {"model": "accounts.user", "pk": 15, "fields": {"password": "pbkdf2_sha256$260000$aRQCw7Q9nFveHb4uhHcqji$vo/QhHt863M62rvnAvvry/VOELUbRspMR/NSTYIq8Lw=", "last_login": null, "avatar": "", "email": "elturann3@mail.ru", "phone": "+996702764523", "whatsapp_phone": "+996702764523", "is_employer": true, "is_staff": false, "is_student": false, "is_superuser": false, "is_active": true, "is_delete": false, "registered_at": "2023-09-27T04:48:26.222Z", "groups": [], "user_permissions": []}}, {"model": "accounts.user", "pk": 17, "fields": {"password": "pbkdf2_sha256$260000$sFs6XRueg1sPdlxe5KXBUh$HS3atPY1f7s2DiGXbVY78UbubMbTH23jZkCYKT3H70w=", "last_login": "2023-10-04T04:34:28.073Z", "avatar": "", "email": "email@mail.ru", "phone": "", "whatsapp_phone": "", "is_employer": false, "is_staff": true, "is_student": false, "is_superuser": true, "is_active": true, "is_delete": false, "registered_at": "2023-09-27T07:18:05.297Z", "groups": [], "user_permissions": []}}, {"model": "accounts.user", "pk": 18, "fields": {"password": "pbkdf2_sha256$260000$2NfUSRkCCrcKY45kzdqHUS$798MviKaAykBhFMtgfit/IfNvfb9SrYKyBDh86oLjbc=", "last_login": null, "avatar": "", "email": "nurislam_96@mail.ru", "phone": "+996707368655", "whatsapp_phone": "+996707368655", "is_employer": false, "is_staff": false, "is_student": true, "is_superuser": false, "is_active": true, "is_delete": false, "registered_at": "2023-09-27T08:30:18.966Z", "groups": [], "user_permissions": []}}, {"model": "accounts.user", "pk": 19, "fields": {"password": "pbkdf2_sha256$260000$BgQavRYiQ9mnfU1EX02201$/s7E0oajQxJqXzrEBbLGnjlwXIpIp8LyxSbiWqFvuXE=", "last_login": null, "avatar": "", "email": "test@gmail.com", "phone": "996707368655", "whatsapp_phone": "996707368655", "is_employer": false, "is_staff": false, "is_student": true, "is_superuser": false, "is_active": true, "is_delete": true, "registered_at": "2023-10-02T05:52:51.706Z", "groups": [], "user_permissions": []}}, {"model": "accounts.user", "pk": 20, "fields": {"password": "pbkdf2_sha256$260000$k3il09QkGllK3ORg2gQUFc$WuoKacspvBNtRLpMuW4X+6Yenbs0MBpY+sxwo/lfvUE=", "last_login": null, "avatar": "", "email": "kairat.talant@gmail.com", "phone": "+996502010401", "whatsapp_phone": "+996502010401", "is_employer": false, "is_staff": false, "is_student": true, "is_superuser": false, "is_active": true, "is_delete": false, "registered_at": "2023-10-02T08:35:44.211Z", "groups": [], "user_permissions": []}}, {"model": "accounts.user", "pk": 21, "fields": {"password": "123", "last_login": null, "avatar": "", "email": "a@g.ru", "phone": "", "whatsapp_phone": "", "is_employer": true, "is_staff": false, "is_student": false, "is_superuser": false, "is_active": false, "is_delete": false, "registered_at": "2023-10-04T03:54:09.691Z", "groups": [], "user_permissions": []}}, {"model": "accounts.payment", "pk": 1, "fields": {"user": 3, "who_created": 1, "amount_paid": "12000.00", "remaining_amount": "23000.00", "is_fully_paid": false, "payment_date": "2023-09-27", "due_date": "2023-11-26"}}, {"model": "accounts.payment", "pk": 2, "fields": {"user": 2, "who_created": 1, "amount_paid": "19000.00", "remaining_amount": "16000.00", "is_fully_paid": false, "payment_date": "2023-09-27", "due_date": "2023-11-26"}}, {"model": "accounts.payment", "pk": 3, "fields": {"user": 12, "who_created": 1, "amount_paid": "25000.00", "remaining_amount": "10000.00", "is_fully_paid": false, "payment_date": "2023-09-27", "due_date": "2023-11-26"}}, {"model": "accounts.payment", "pk": 4, "fields": {"user": 11, "who_created": 1, "amount_paid": "35000.00", "remaining_amount": "0.00", "is_fully_paid": true, "payment_date": "2023-09-27", "due_date": "2023-09-27"}}, {"model": "accounts.payment", "pk": 5, "fields": {"user": 6, "who_created": 1, "amount_paid": "35000.00", "remaining_amount": "0.00", "is_fully_paid": true, "payment_date": "2023-09-27", "due_date": null}}, {"model": "accounts.payment", "pk": 6, "fields": {"user": 3, "who_created": 17, "amount_paid": "18000.00", "remaining_amount": "17000.00", "is_fully_paid": false, "payment_date": "2023-09-27", "due_date": "2023-11-26"}}, {"model": "accounts.profile", "pk": 11, "fields": {"user": 10, "photo": "зик_hEnBg25.jpg", "is_confirmed": false, "is_form_completed": false, "is_admin_confirmed": false, "access_to_registration_documents": false, "access_to_embassy_documents": false, "start_vise_date": null, "end_vise_date": null, "level": "", "courses_info": "", "creation_date": "2023-09-14T10:26:11.943Z", "comment": "", "note": "", "first_name": "Antonius", "first_name_ru": "", "last_name": "Johnson", "last_name_ru": "", "gender": "", "bday": "2004-02-12", "nationality": "Кыргызстан", "been_to_germany": false, "birth_country": "Кыргызстан", "birth_region": "", "birth_city": "", "reg_region": "", "reg_city": "", "reg_city_en": "", "reg_district": "", "reg_district_en": "", "reg_street": "", "reg_street_en": "", "reg_house": "", "reg_apartment": "Горький 7", "live_region": "", "live_city": "", "live_city_en": "", "live_district": "", "live_district_en": "", "live_street": "", "live_street_en": "", "live_house": "", "live_apartment": "", "passport_number": "", "zagranpassport_number": "", "zagranpassport_end_time": null, "university": 1, "faculty": 1, "degree": "", "year": null, "study_start": "2022-09-07", "study_end": "2023-05-14", "summer_holidays_start": null, "summer_holidays_end": null, "direction": null, "father_phone": "", "father_work_phone": "", "father_company": "", "mother_phone": "", "mother_work_phone": "", "mother_company": "", "company1": "", "position1": "", "start_date1": null, "end_date1": null, "country1": "", "company2": "", "position2": "", "start_date2": null, "end_date2": null, "country2": "", "company3": "", "position3": "", "start_date3": null, "end_date3": null, "country3": "", "german": "B2", "english": "C1", "turkish": "", "russian": "C2", "chinese": "", "driver_license": false, "driving_experience": "0", "cat_a": false, "cat_b": false, "cat_c": false, "cat_d": false, "cat_e": false, "tractor": false, "transmission": "1", "bicycle_skill": "", "shirt_size": "", "pants_size": null, "shoe_size": null, "reading": true, "singing": false, "travelling": true, "yoga": false, "dancing": true, "sport": true, "drawing": true, "computer_games": true, "guitar": false, "films": true, "music": true, "knitting": true, "cooking": true, "fishing": true, "photographing": true, "study_certificate": "", "study_certificate_confirm": false, "study_certificate_paper_confirm": false, "study_certificate_embassy": "", "study_certificate_embassy_confirm": false, "study_certificate_paper_embassy_confirm": false, "study_certificate_translate_embassy": "", "study_certificate_translate_embassy_confirm": false, "study_certificate_translate_paper_embassy_confirm": false, "photo_for_schengen": "", "photo_for_schengen_confirm": false, "photo_for_schengen_paper_confirm": false, "zagranpassport_copy": "", "zagranpassport_copy_confirm": false, "zagranpassport_copy_paper_confirm": false, "passport_copy": "", "passport_copy_confirm": false, "passport_copy_paper_confirm": false, "fluorography_express": "", "fluorography_express_confirm": false, "fluorography_express_paper_confirm": false, "fluorography": "", "fluorography_confirm": false, "fluorography_paper_confirm": false, "immatrikulation": "", "immatrikulation_download_date": null, "immatrikulation_confirm": false, "immatrikulation_paper_confirm": false, "transcript": "", "transcript_confirm": false, "transcript_paper_confirm": false, "transcript_translate": "", "transcript_translate_confirm": false, "transcript_translate_paper_confirm": false, "bank_statement": "", "bank_statement_confirm": false, "bank_statement_paper_confirm": false, "conduct_certificate": "", "conduct_certificate_confirm": false, "conduct_certificate_paper_confirm": false, "mentaldispanser_certificate": "", "mentaldispanser_certificate_confirm": false, "mentaldispanser_certificate_paper_confirm": false, "drugdispanser_certificate": "", "drugdispanser_certificate_confirm": false, "drugdispanser_certificate_paper_confirm": false, "parental_permission": "", "parental_permission_confirm": false, "parental_permission_paper_confirm": false, "bank_details": "", "bank_details_confirm": false, "bank_details_paper_confirm": false, "jipl_paper_confirm": false, "resume_paper_confirm": false, "work_contract_paper_confirm": false, "traning_contract_paper_confirm": false, "receipt_paper_confirm": false, "embassy_anketa": false, "contract_date": null, "termin": null, "embassy_visametric": "", "training_sum": 0, "training_sum_stable": 0, "employment_sum": 0, "is_training_sum": false, "is_training_sum_stable": false, "is_employment_sum": false, "full_sum": 0, "employer_confirm_date": null, "zav_send_date": null, "work_permit_date": null, "work_invitation_date": null, "documents_send_date": null, "german_insurance": false, "local_insurance": false, "accomodation": false, "accomodation_type": "", "german_work_contract": false, "documents_collected_by": "", "consultant": "", "consult_date": null, "flight_date": null, "arrival_date": null, "destination_date": null, "arrival_city": "", "arrival_airport": "", "arrival_place": "", "marshrut": "not_exist", "immatrikulation_received": false, "domkom_document": "not_exist", "bilet_document": "not_exist", "akt_trainings": false, "akt_iwex": false, "receipt_flight": false, "consultant_before_flight": "", "work_from": null, "work_to": null, "company_name": "", "position": "", "agreement1_download_date": null, "agreement2_download_date": null, "agreement3_download_date": null, "agreement1": "", "agreement2": "", "agreement3": "", "agreement1_date": null, "agreement2_date": null, "agreement3_date": null, "agreement1_number": null, "agreement2_number": null, "agreement3_number": null, "act1": "", "act2": "", "act3": "", "act1_download_date": null, "act2_download_date": null, "act3_download_date": null, "closure1": "", "closure2": "", "closure3": "", "consult_list": "", "invitation": "", "labor_agreement": "", "liveplace_approve": "", "insurance": "", "in_review": null, "visa_file": "", "visa_reject": null, "loan": null, "living_condition": null, "new_email": null, "telephone": "+996552220790", "pnr_code": null, "termin_scan": "", "has_termin": false, "characteristics": "", "nvks": false, "in_interview_review": null, "director_manager": null, "employer": null, "is_refused": false}}, {"model": "accounts.profile", "pk": 14, "fields": {"user": 2, "photo": "user_rwpJlUl.jpeg", "is_confirmed": false, "is_form_completed": false, "is_admin_confirmed": false, "access_to_registration_documents": false, "access_to_embassy_documents": false, "start_vise_date": null, "end_vise_date": null, "level": "", "courses_info": "", "creation_date": "2023-09-15T04:58:32.894Z", "comment": "", "note": "", "first_name": "Marcus", "first_name_ru": "", "last_name": "Anderson", "last_name_ru": "", "gender": "", "bday": "2004-02-12", "nationality": "Кыргызстан", "been_to_germany": false, "birth_country": "Кыргызстан", "birth_region": "", "birth_city": "", "reg_region": "", "reg_city": "", "reg_city_en": "", "reg_district": "", "reg_district_en": "", "reg_street": "", "reg_street_en": "", "reg_house": "", "reg_apartment": "Село Байтик", "live_region": "", "live_city": "", "live_city_en": "", "live_district": "", "live_district_en": "", "live_street": "", "live_street_en": "", "live_house": "", "live_apartment": "", "passport_number": "", "zagranpassport_number": "", "zagranpassport_end_time": null, "university": 1, "faculty": 1, "degree": "", "year": null, "study_start": "2022-09-01", "study_end": "2023-05-13", "summer_holidays_start": null, "summer_holidays_end": null, "direction": "nord", "father_phone": "", "father_work_phone": "", "father_company": "", "mother_phone": "", "mother_work_phone": "", "mother_company": "", "company1": "", "position1": "", "start_date1": null, "end_date1": null, "country1": "", "company2": "", "position2": "", "start_date2": null, "end_date2": null, "country2": "", "company3": "", "position3": "", "start_date3": null, "end_date3": null, "country3": "", "german": "B1", "english": "A2", "turkish": "", "russian": "C2", "chinese": "", "driver_license": true, "driving_experience": "0", "cat_a": true, "cat_b": false, "cat_c": false, "cat_d": false, "cat_e": false, "tractor": false, "transmission": "3", "bicycle_skill": "", "shirt_size": "", "pants_size": null, "shoe_size": null, "reading": true, "singing": false, "travelling": false, "yoga": false, "dancing": false, "sport": false, "drawing": false, "computer_games": true, "guitar": false, "films": true, "music": true, "knitting": false, "cooking": false, "fishing": false, "photographing": false, "study_certificate": "", "study_certificate_confirm": false, "study_certificate_paper_confirm": false, "study_certificate_embassy": "", "study_certificate_embassy_confirm": false, "study_certificate_paper_embassy_confirm": false, "study_certificate_translate_embassy": "", "study_certificate_translate_embassy_confirm": false, "study_certificate_translate_paper_embassy_confirm": false, "photo_for_schengen": "", "photo_for_schengen_confirm": false, "photo_for_schengen_paper_confirm": false, "zagranpassport_copy": "", "zagranpassport_copy_confirm": false, "zagranpassport_copy_paper_confirm": false, "passport_copy": "", "passport_copy_confirm": false, "passport_copy_paper_confirm": false, "fluorography_express": "", "fluorography_express_confirm": false, "fluorography_express_paper_confirm": false, "fluorography": "", "fluorography_confirm": false, "fluorography_paper_confirm": false, "immatrikulation": "", "immatrikulation_download_date": null, "immatrikulation_confirm": false, "immatrikulation_paper_confirm": false, "transcript": "", "transcript_confirm": false, "transcript_paper_confirm": false, "transcript_translate": "", "transcript_translate_confirm": false, "transcript_translate_paper_confirm": false, "bank_statement": "", "bank_statement_confirm": false, "bank_statement_paper_confirm": false, "conduct_certificate": "", "conduct_certificate_confirm": false, "conduct_certificate_paper_confirm": false, "mentaldispanser_certificate": "", "mentaldispanser_certificate_confirm": false, "mentaldispanser_certificate_paper_confirm": false, "drugdispanser_certificate": "", "drugdispanser_certificate_confirm": false, "drugdispanser_certificate_paper_confirm": false, "parental_permission": "", "parental_permission_confirm": false, "parental_permission_paper_confirm": false, "bank_details": "", "bank_details_confirm": false, "bank_details_paper_confirm": false, "jipl_paper_confirm": false, "resume_paper_confirm": false, "work_contract_paper_confirm": false, "traning_contract_paper_confirm": false, "receipt_paper_confirm": false, "embassy_anketa": false, "contract_date": null, "termin": null, "embassy_visametric": "", "training_sum": 0, "training_sum_stable": 0, "employment_sum": 0, "is_training_sum": false, "is_training_sum_stable": false, "is_employment_sum": false, "full_sum": 0, "employer_confirm_date": null, "zav_send_date": null, "work_permit_date": null, "work_invitation_date": null, "documents_send_date": null, "german_insurance": false, "local_insurance": false, "accomodation": false, "accomodation_type": "", "german_work_contract": false, "documents_collected_by": "", "consultant": "", "consult_date": null, "flight_date": null, "arrival_date": null, "destination_date": null, "arrival_city": "", "arrival_airport": "", "arrival_place": "", "marshrut": "not_exist", "immatrikulation_received": false, "domkom_document": "not_exist", "bilet_document": "not_exist", "akt_trainings": false, "akt_iwex": false, "receipt_flight": false, "consultant_before_flight": "", "work_from": null, "work_to": null, "company_name": "", "position": "", "agreement1_download_date": null, "agreement2_download_date": null, "agreement3_download_date": null, "agreement1": "", "agreement2": "", "agreement3": "", "agreement1_date": null, "agreement2_date": null, "agreement3_date": null, "agreement1_number": null, "agreement2_number": null, "agreement3_number": null, "act1": "", "act2": "", "act3": "", "act1_download_date": null, "act2_download_date": null, "act3_download_date": null, "closure1": "", "closure2": "", "closure3": "", "consult_list": "", "invitation": "", "labor_agreement": "", "liveplace_approve": "", "insurance": "", "in_review": null, "visa_file": "", "visa_reject": null, "loan": null, "living_condition": null, "new_email": null, "telephone": "+99652220790", "pnr_code": null, "termin_scan": "", "has_termin": false, "characteristics": "", "nvks": false, "in_interview_review": null, "director_manager": null, "employer": null, "is_refused": false}}, {"model": "accounts.profile", "pk": 15, "fields": {"user": 5, "photo": "Iwex.jpg", "is_confirmed": false, "is_form_completed": false, "is_admin_confirmed": false, "access_to_registration_documents": false, "access_to_embassy_documents": false, "start_vise_date": null, "end_vise_date": null, "level": "", "courses_info": "", "creation_date": "2023-09-25T10:09:58.150Z", "comment": "", "note": "", "first_name": "Kairat", "first_name_ru": "", "last_name": "Melisov", "last_name_ru": "", "gender": "Мужской", "bday": "2001-04-01", "nationality": "Кыргызстан", "been_to_germany": false, "birth_country": "Кыргызстан", "birth_region": "", "birth_city": "", "reg_region": "", "reg_city": "", "reg_city_en": "", "reg_district": "", "reg_district_en": "", "reg_street": "", "reg_street_en": "", "reg_house": "", "reg_apartment": "кольбаева 12", "live_region": "", "live_city": "", "live_city_en": "", "live_district": "", "live_district_en": "", "live_street": "", "live_street_en": "", "live_house": "", "live_apartment": "", "passport_number": "", "zagranpassport_number": "", "zagranpassport_end_time": null, "university": 2, "faculty": 2, "degree": "", "year": null, "study_start": "2019-09-06", "study_end": "2023-09-29", "summer_holidays_start": null, "summer_holidays_end": null, "direction": "nord", "father_phone": "", "father_work_phone": "", "father_company": "", "mother_phone": "", "mother_work_phone": "", "mother_company": "", "company1": "", "position1": "", "start_date1": null, "end_date1": null, "country1": "", "company2": "", "position2": "", "start_date2": null, "end_date2": null, "country2": "", "company3": "", "position3": "", "start_date3": null, "end_date3": null, "country3": "", "german": "B2", "english": "C1", "turkish": "A2", "russian": "A2", "chinese": "", "driver_license": true, "driving_experience": "2", "cat_a": false, "cat_b": true, "cat_c": true, "cat_d": false, "cat_e": false, "tractor": false, "transmission": "2", "bicycle_skill": "", "shirt_size": "", "pants_size": null, "shoe_size": null, "reading": false, "singing": false, "travelling": true, "yoga": false, "dancing": false, "sport": false, "drawing": false, "computer_games": true, "guitar": true, "films": true, "music": false, "knitting": false, "cooking": false, "fishing": false, "photographing": false, "study_certificate": "", "study_certificate_confirm": false, "study_certificate_paper_confirm": false, "study_certificate_embassy": "", "study_certificate_embassy_confirm": false, "study_certificate_paper_embassy_confirm": false, "study_certificate_translate_embassy": "", "study_certificate_translate_embassy_confirm": false, "study_certificate_translate_paper_embassy_confirm": false, "photo_for_schengen": "", "photo_for_schengen_confirm": false, "photo_for_schengen_paper_confirm": false, "zagranpassport_copy": "", "zagranpassport_copy_confirm": false, "zagranpassport_copy_paper_confirm": false, "passport_copy": "", "passport_copy_confirm": false, "passport_copy_paper_confirm": false, "fluorography_express": "", "fluorography_express_confirm": false, "fluorography_express_paper_confirm": false, "fluorography": "", "fluorography_confirm": false, "fluorography_paper_confirm": false, "immatrikulation": "", "immatrikulation_download_date": null, "immatrikulation_confirm": false, "immatrikulation_paper_confirm": false, "transcript": "", "transcript_confirm": false, "transcript_paper_confirm": false, "transcript_translate": "", "transcript_translate_confirm": false, "transcript_translate_paper_confirm": false, "bank_statement": "", "bank_statement_confirm": false, "bank_statement_paper_confirm": false, "conduct_certificate": "", "conduct_certificate_confirm": false, "conduct_certificate_paper_confirm": false, "mentaldispanser_certificate": "", "mentaldispanser_certificate_confirm": false, "mentaldispanser_certificate_paper_confirm": false, "drugdispanser_certificate": "", "drugdispanser_certificate_confirm": false, "drugdispanser_certificate_paper_confirm": false, "parental_permission": "", "parental_permission_confirm": false, "parental_permission_paper_confirm": false, "bank_details": "", "bank_details_confirm": false, "bank_details_paper_confirm": false, "jipl_paper_confirm": false, "resume_paper_confirm": false, "work_contract_paper_confirm": false, "traning_contract_paper_confirm": false, "receipt_paper_confirm": false, "embassy_anketa": false, "contract_date": null, "termin": null, "embassy_visametric": "", "training_sum": 0, "training_sum_stable": 0, "employment_sum": 0, "is_training_sum": false, "is_training_sum_stable": false, "is_employment_sum": false, "full_sum": 0, "employer_confirm_date": null, "zav_send_date": null, "work_permit_date": null, "work_invitation_date": null, "documents_send_date": null, "german_insurance": false, "local_insurance": false, "accomodation": false, "accomodation_type": "", "german_work_contract": false, "documents_collected_by": "", "consultant": "", "consult_date": null, "flight_date": null, "arrival_date": null, "destination_date": null, "arrival_city": "", "arrival_airport": "", "arrival_place": "", "marshrut": "not_exist", "immatrikulation_received": false, "domkom_document": "not_exist", "bilet_document": "not_exist", "akt_trainings": false, "akt_iwex": false, "receipt_flight": false, "consultant_before_flight": "", "work_from": null, "work_to": null, "company_name": "", "position": "", "agreement1_download_date": null, "agreement2_download_date": null, "agreement3_download_date": null, "agreement1": "", "agreement2": "", "agreement3": "", "agreement1_date": null, "agreement2_date": null, "agreement3_date": null, "agreement1_number": null, "agreement2_number": null, "agreement3_number": null, "act1": "", "act2": "", "act3": "", "act1_download_date": null, "act2_download_date": null, "act3_download_date": null, "closure1": "", "closure2": "", "closure3": "", "consult_list": "", "invitation": "", "labor_agreement": "", "liveplace_approve": "", "insurance": "", "in_review": null, "visa_file": "", "visa_reject": null, "loan": null, "living_condition": null, "new_email": null, "telephone": "+996502010401", "pnr_code": null, "termin_scan": "", "has_termin": false, "characteristics": "", "nvks": false, "in_interview_review": null, "director_manager": null, "employer": null, "is_refused": false}}, {"model": "accounts.profile", "pk": 16, "fields": {"user": 17, "photo": "", "is_confirmed": false, "is_form_completed": false, "is_admin_confirmed": false, "access_to_registration_documents": false, "access_to_embassy_documents": false, "start_vise_date": null, "end_vise_date": null, "level": "", "courses_info": "", "creation_date": "2023-09-27T07:18:05.533Z", "comment": "", "note": "", "first_name": "", "first_name_ru": "", "last_name": "", "last_name_ru": "", "gender": "", "bday": null, "nationality": "", "been_to_germany": null, "birth_country": "", "birth_region": "", "birth_city": "", "reg_region": "", "reg_city": "", "reg_city_en": "", "reg_district": "", "reg_district_en": "", "reg_street": "", "reg_street_en": "", "reg_house": "", "reg_apartment": "", "live_region": "", "live_city": "", "live_city_en": "", "live_district": "", "live_district_en": "", "live_street": "", "live_street_en": "", "live_house": "", "live_apartment": "", "passport_number": "", "zagranpassport_number": "", "zagranpassport_end_time": null, "university": null, "faculty": null, "degree": "", "year": null, "study_start": null, "study_end": null, "summer_holidays_start": null, "summer_holidays_end": null, "direction": null, "father_phone": "", "father_work_phone": "", "father_company": "", "mother_phone": "", "mother_work_phone": "", "mother_company": "", "company1": "", "position1": "", "start_date1": null, "end_date1": null, "country1": "", "company2": "", "position2": "", "start_date2": null, "end_date2": null, "country2": "", "company3": "", "position3": "", "start_date3": null, "end_date3": null, "country3": "", "german": "", "english": "", "turkish": "", "russian": "", "chinese": "", "driver_license": false, "driving_experience": "", "cat_a": false, "cat_b": false, "cat_c": false, "cat_d": false, "cat_e": false, "tractor": false, "transmission": "", "bicycle_skill": "", "shirt_size": "", "pants_size": null, "shoe_size": null, "reading": false, "singing": false, "travelling": false, "yoga": false, "dancing": false, "sport": false, "drawing": false, "computer_games": false, "guitar": false, "films": false, "music": false, "knitting": false, "cooking": false, "fishing": false, "photographing": false, "study_certificate": "", "study_certificate_confirm": false, "study_certificate_paper_confirm": false, "study_certificate_embassy": "", "study_certificate_embassy_confirm": false, "study_certificate_paper_embassy_confirm": false, "study_certificate_translate_embassy": "", "study_certificate_translate_embassy_confirm": false, "study_certificate_translate_paper_embassy_confirm": false, "photo_for_schengen": "", "photo_for_schengen_confirm": false, "photo_for_schengen_paper_confirm": false, "zagranpassport_copy": "", "zagranpassport_copy_confirm": false, "zagranpassport_copy_paper_confirm": false, "passport_copy": "", "passport_copy_confirm": false, "passport_copy_paper_confirm": false, "fluorography_express": "", "fluorography_express_confirm": false, "fluorography_express_paper_confirm": false, "fluorography": "", "fluorography_confirm": false, "fluorography_paper_confirm": false, "immatrikulation": "", "immatrikulation_download_date": null, "immatrikulation_confirm": false, "immatrikulation_paper_confirm": false, "transcript": "", "transcript_confirm": false, "transcript_paper_confirm": false, "transcript_translate": "", "transcript_translate_confirm": false, "transcript_translate_paper_confirm": false, "bank_statement": "", "bank_statement_confirm": false, "bank_statement_paper_confirm": false, "conduct_certificate": "", "conduct_certificate_confirm": false, "conduct_certificate_paper_confirm": false, "mentaldispanser_certificate": "", "mentaldispanser_certificate_confirm": false, "mentaldispanser_certificate_paper_confirm": false, "drugdispanser_certificate": "", "drugdispanser_certificate_confirm": false, "drugdispanser_certificate_paper_confirm": false, "parental_permission": "", "parental_permission_confirm": false, "parental_permission_paper_confirm": false, "bank_details": "", "bank_details_confirm": false, "bank_details_paper_confirm": false, "jipl_paper_confirm": false, "resume_paper_confirm": false, "work_contract_paper_confirm": false, "traning_contract_paper_confirm": false, "receipt_paper_confirm": false, "embassy_anketa": false, "contract_date": null, "termin": null, "embassy_visametric": "", "training_sum": 0, "training_sum_stable": 0, "employment_sum": 0, "is_training_sum": false, "is_training_sum_stable": false, "is_employment_sum": false, "full_sum": 0, "employer_confirm_date": null, "zav_send_date": null, "work_permit_date": null, "work_invitation_date": null, "documents_send_date": null, "german_insurance": false, "local_insurance": false, "accomodation": false, "accomodation_type": "", "german_work_contract": false, "documents_collected_by": "", "consultant": "", "consult_date": null, "flight_date": null, "arrival_date": null, "destination_date": null, "arrival_city": "", "arrival_airport": "", "arrival_place": "", "marshrut": "not_exist", "immatrikulation_received": false, "domkom_document": "not_exist", "bilet_document": "not_exist", "akt_trainings": false, "akt_iwex": false, "receipt_flight": false, "consultant_before_flight": "", "work_from": null, "work_to": null, "company_name": "", "position": "", "agreement1_download_date": null, "agreement2_download_date": null, "agreement3_download_date": null, "agreement1": "", "agreement2": "", "agreement3": "", "agreement1_date": null, "agreement2_date": null, "agreement3_date": null, "agreement1_number": null, "agreement2_number": null, "agreement3_number": null, "act1": "", "act2": "", "act3": "", "act1_download_date": null, "act2_download_date": null, "act3_download_date": null, "closure1": "", "closure2": "", "closure3": "", "consult_list": "", "invitation": "", "labor_agreement": "", "liveplace_approve": "", "insurance": "", "in_review": null, "visa_file": "", "visa_reject": null, "loan": null, "living_condition": null, "new_email": null, "telephone": null, "pnr_code": null, "termin_scan": "", "has_termin": false, "characteristics": "", "nvks": false, "in_interview_review": null, "director_manager": null, "employer": null, "is_refused": false}}, {"model": "accounts.profile", "pk": 17, "fields": {"user": 18, "photo": "user_rZFyp00.jpeg", "is_confirmed": false, "is_form_completed": false, "is_admin_confirmed": false, "access_to_registration_documents": false, "access_to_embassy_documents": false, "start_vise_date": null, "end_vise_date": null, "level": "", "courses_info": "", "creation_date": "2023-09-27T08:31:10.437Z", "comment": "", "note": "", "first_name": "Lucia", "first_name_ru": "", "last_name": "Martinez", "last_name_ru": "", "gender": "", "bday": "2023-09-27", "nationality": "Казахстан", "been_to_germany": false, "birth_country": "Казахстан", "birth_region": "", "birth_city": "", "reg_region": "", "reg_city": "", "reg_city_en": "", "reg_district": "", "reg_district_en": "", "reg_street": "", "reg_street_en": "", "reg_house": "", "reg_apartment": "ленина 12", "live_region": "", "live_city": "", "live_city_en": "", "live_district": "", "live_district_en": "", "live_street": "", "live_street_en": "", "live_house": "", "live_apartment": "", "passport_number": "", "zagranpassport_number": "", "zagranpassport_end_time": null, "university": 3, "faculty": 2, "degree": "", "year": null, "study_start": "2021-09-27", "study_end": "2023-09-27", "summer_holidays_start": null, "summer_holidays_end": null, "direction": "nord", "father_phone": "", "father_work_phone": "", "father_company": "", "mother_phone": "", "mother_work_phone": "", "mother_company": "", "company1": "", "position1": "", "start_date1": null, "end_date1": null, "country1": "", "company2": "", "position2": "", "start_date2": null, "end_date2": null, "country2": "", "company3": "", "position3": "", "start_date3": null, "end_date3": null, "country3": "", "german": "A2", "english": "C1", "turkish": "", "russian": "", "chinese": "", "driver_license": true, "driving_experience": "0", "cat_a": false, "cat_b": false, "cat_c": true, "cat_d": false, "cat_e": false, "tractor": false, "transmission": "2", "bicycle_skill": "", "shirt_size": "", "pants_size": null, "shoe_size": null, "reading": false, "singing": false, "travelling": false, "yoga": true, "dancing": false, "sport": false, "drawing": false, "computer_games": false, "guitar": false, "films": true, "music": true, "knitting": false, "cooking": false, "fishing": false, "photographing": false, "study_certificate": "", "study_certificate_confirm": false, "study_certificate_paper_confirm": false, "study_certificate_embassy": "", "study_certificate_embassy_confirm": false, "study_certificate_paper_embassy_confirm": false, "study_certificate_translate_embassy": "", "study_certificate_translate_embassy_confirm": false, "study_certificate_translate_paper_embassy_confirm": false, "photo_for_schengen": "", "photo_for_schengen_confirm": false, "photo_for_schengen_paper_confirm": false, "zagranpassport_copy": "", "zagranpassport_copy_confirm": false, "zagranpassport_copy_paper_confirm": false, "passport_copy": "", "passport_copy_confirm": false, "passport_copy_paper_confirm": false, "fluorography_express": "", "fluorography_express_confirm": false, "fluorography_express_paper_confirm": false, "fluorography": "", "fluorography_confirm": false, "fluorography_paper_confirm": false, "immatrikulation": "", "immatrikulation_download_date": null, "immatrikulation_confirm": false, "immatrikulation_paper_confirm": false, "transcript": "", "transcript_confirm": false, "transcript_paper_confirm": false, "transcript_translate": "", "transcript_translate_confirm": false, "transcript_translate_paper_confirm": false, "bank_statement": "", "bank_statement_confirm": false, "bank_statement_paper_confirm": false, "conduct_certificate": "", "conduct_certificate_confirm": false, "conduct_certificate_paper_confirm": false, "mentaldispanser_certificate": "", "mentaldispanser_certificate_confirm": false, "mentaldispanser_certificate_paper_confirm": false, "drugdispanser_certificate": "", "drugdispanser_certificate_confirm": false, "drugdispanser_certificate_paper_confirm": false, "parental_permission": "", "parental_permission_confirm": false, "parental_permission_paper_confirm": false, "bank_details": "", "bank_details_confirm": false, "bank_details_paper_confirm": false, "jipl_paper_confirm": false, "resume_paper_confirm": false, "work_contract_paper_confirm": false, "traning_contract_paper_confirm": false, "receipt_paper_confirm": false, "embassy_anketa": false, "contract_date": null, "termin": null, "embassy_visametric": "", "training_sum": 0, "training_sum_stable": 0, "employment_sum": 0, "is_training_sum": false, "is_training_sum_stable": false, "is_employment_sum": false, "full_sum": 0, "employer_confirm_date": null, "zav_send_date": null, "work_permit_date": null, "work_invitation_date": null, "documents_send_date": null, "german_insurance": false, "local_insurance": false, "accomodation": false, "accomodation_type": "", "german_work_contract": false, "documents_collected_by": "", "consultant": "", "consult_date": null, "flight_date": null, "arrival_date": null, "destination_date": null, "arrival_city": "", "arrival_airport": "", "arrival_place": "", "marshrut": "not_exist", "immatrikulation_received": false, "domkom_document": "not_exist", "bilet_document": "not_exist", "akt_trainings": false, "akt_iwex": false, "receipt_flight": false, "consultant_before_flight": "", "work_from": null, "work_to": null, "company_name": "", "position": "", "agreement1_download_date": null, "agreement2_download_date": null, "agreement3_download_date": null, "agreement1": "", "agreement2": "", "agreement3": "", "agreement1_date": null, "agreement2_date": null, "agreement3_date": null, "agreement1_number": null, "agreement2_number": null, "agreement3_number": null, "act1": "", "act2": "", "act3": "", "act1_download_date": null, "act2_download_date": null, "act3_download_date": null, "closure1": "", "closure2": "", "closure3": "", "consult_list": "", "invitation": "", "labor_agreement": "", "liveplace_approve": "", "insurance": "", "in_review": null, "visa_file": "", "visa_reject": null, "loan": null, "living_condition": null, "new_email": null, "telephone": "+996222368655", "pnr_code": null, "termin_scan": "", "has_termin": false, "characteristics": "", "nvks": false, "in_interview_review": null, "director_manager": null, "employer": null, "is_refused": false}}, {"model": "accounts.profile", "pk": 18, "fields": {"user": 6, "photo": "user.jpeg", "is_confirmed": false, "is_form_completed": false, "is_admin_confirmed": false, "access_to_registration_documents": false, "access_to_embassy_documents": false, "start_vise_date": null, "end_vise_date": null, "level": "", "courses_info": "", "creation_date": "2023-09-27T08:31:31.797Z", "comment": "", "note": "", "first_name": "Marcus", "first_name_ru": "", "last_name": "Anderson", "last_name_ru": "", "gender": "", "bday": "2001-04-02", "nationality": "Кыргызстан", "been_to_germany": true, "birth_country": "Кыргызстан", "birth_region": "", "birth_city": "", "reg_region": "", "reg_city": "", "reg_city_en": "", "reg_district": "", "reg_district_en": "", "reg_street": "", "reg_street_en": "", "reg_house": "", "reg_apartment": "кольбаева 12", "live_region": "", "live_city": "", "live_city_en": "", "live_district": "", "live_district_en": "", "live_street": "", "live_street_en": "", "live_house": "", "live_apartment": "", "passport_number": "", "zagranpassport_number": "", "zagranpassport_end_time": null, "university": 1, "faculty": 1, "degree": "", "year": null, "study_start": "2019-09-06", "study_end": "2023-09-29", "summer_holidays_start": null, "summer_holidays_end": null, "direction": "nord", "father_phone": "", "father_work_phone": "", "father_company": "", "mother_phone": "", "mother_work_phone": "", "mother_company": "", "company1": "", "position1": "", "start_date1": null, "end_date1": null, "country1": "", "company2": "", "position2": "", "start_date2": null, "end_date2": null, "country2": "", "company3": "", "position3": "", "start_date3": null, "end_date3": null, "country3": "", "german": "A2", "english": "A2", "turkish": "", "russian": "C2", "chinese": "", "driver_license": true, "driving_experience": "2", "cat_a": true, "cat_b": false, "cat_c": true, "cat_d": false, "cat_e": false, "tractor": false, "transmission": "2", "bicycle_skill": "", "shirt_size": "", "pants_size": null, "shoe_size": null, "reading": false, "singing": false, "travelling": false, "yoga": false, "dancing": true, "sport": false, "drawing": false, "computer_games": true, "guitar": false, "films": false, "music": false, "knitting": false, "cooking": false, "fishing": false, "photographing": true, "study_certificate": "", "study_certificate_confirm": false, "study_certificate_paper_confirm": false, "study_certificate_embassy": "", "study_certificate_embassy_confirm": false, "study_certificate_paper_embassy_confirm": false, "study_certificate_translate_embassy": "", "study_certificate_translate_embassy_confirm": false, "study_certificate_translate_paper_embassy_confirm": false, "photo_for_schengen": "", "photo_for_schengen_confirm": false, "photo_for_schengen_paper_confirm": false, "zagranpassport_copy": "", "zagranpassport_copy_confirm": false, "zagranpassport_copy_paper_confirm": false, "passport_copy": "", "passport_copy_confirm": false, "passport_copy_paper_confirm": false, "fluorography_express": "", "fluorography_express_confirm": false, "fluorography_express_paper_confirm": false, "fluorography": "", "fluorography_confirm": false, "fluorography_paper_confirm": false, "immatrikulation": "", "immatrikulation_download_date": null, "immatrikulation_confirm": false, "immatrikulation_paper_confirm": false, "transcript": "", "transcript_confirm": false, "transcript_paper_confirm": false, "transcript_translate": "", "transcript_translate_confirm": false, "transcript_translate_paper_confirm": false, "bank_statement": "", "bank_statement_confirm": false, "bank_statement_paper_confirm": false, "conduct_certificate": "", "conduct_certificate_confirm": false, "conduct_certificate_paper_confirm": false, "mentaldispanser_certificate": "", "mentaldispanser_certificate_confirm": false, "mentaldispanser_certificate_paper_confirm": false, "drugdispanser_certificate": "", "drugdispanser_certificate_confirm": false, "drugdispanser_certificate_paper_confirm": false, "parental_permission": "", "parental_permission_confirm": false, "parental_permission_paper_confirm": false, "bank_details": "", "bank_details_confirm": false, "bank_details_paper_confirm": false, "jipl_paper_confirm": false, "resume_paper_confirm": false, "work_contract_paper_confirm": false, "traning_contract_paper_confirm": false, "receipt_paper_confirm": false, "embassy_anketa": false, "contract_date": null, "termin": null, "embassy_visametric": "", "training_sum": 0, "training_sum_stable": 0, "employment_sum": 0, "is_training_sum": false, "is_training_sum_stable": false, "is_employment_sum": false, "full_sum": 0, "employer_confirm_date": null, "zav_send_date": null, "work_permit_date": null, "work_invitation_date": null, "documents_send_date": null, "german_insurance": false, "local_insurance": false, "accomodation": false, "accomodation_type": "", "german_work_contract": false, "documents_collected_by": "", "consultant": "", "consult_date": null, "flight_date": null, "arrival_date": null, "destination_date": null, "arrival_city": "", "arrival_airport": "", "arrival_place": "", "marshrut": "not_exist", "immatrikulation_received": false, "domkom_document": "not_exist", "bilet_document": "not_exist", "akt_trainings": false, "akt_iwex": false, "receipt_flight": false, "consultant_before_flight": "", "work_from": null, "work_to": null, "company_name": "", "position": "", "agreement1_download_date": null, "agreement2_download_date": null, "agreement3_download_date": null, "agreement1": "", "agreement2": "", "agreement3": "", "agreement1_date": null, "agreement2_date": null, "agreement3_date": null, "agreement1_number": null, "agreement2_number": null, "agreement3_number": null, "act1": "", "act2": "", "act3": "", "act1_download_date": null, "act2_download_date": null, "act3_download_date": null, "closure1": "", "closure2": "", "closure3": "", "consult_list": "", "invitation": "", "labor_agreement": "", "liveplace_approve": "", "insurance": "", "in_review": null, "visa_file": "", "visa_reject": null, "loan": null, "living_condition": "", "new_email": null, "telephone": "+99679234467", "pnr_code": null, "termin_scan": "", "has_termin": false, "characteristics": "", "nvks": false, "in_interview_review": null, "director_manager": null, "employer": null, "is_refused": false}}, {"model": "accounts.profile", "pk": 19, "fields": {"user": 14, "photo": "ohrana.jpeg", "is_confirmed": false, "is_form_completed": false, "is_admin_confirmed": false, "access_to_registration_documents": false, "access_to_embassy_documents": false, "start_vise_date": null, "end_vise_date": null, "level": "", "courses_info": "", "creation_date": "2023-10-02T07:29:52.031Z", "comment": "", "note": "", "first_name": "", "first_name_ru": "", "last_name": "", "last_name_ru": "", "gender": "Мужской", "bday": null, "nationality": "", "been_to_germany": false, "birth_country": "", "birth_region": "", "birth_city": "", "reg_region": "", "reg_city": "", "reg_city_en": "", "reg_district": "", "reg_district_en": "", "reg_street": "", "reg_street_en": "", "reg_house": "", "reg_apartment": "", "live_region": "", "live_city": "", "live_city_en": "", "live_district": "", "live_district_en": "", "live_street": "", "live_street_en": "", "live_house": "", "live_apartment": "", "passport_number": "", "zagranpassport_number": "", "zagranpassport_end_time": null, "university": 2, "faculty": 1, "degree": "", "year": null, "study_start": null, "study_end": null, "summer_holidays_start": null, "summer_holidays_end": null, "direction": null, "father_phone": "", "father_work_phone": "", "father_company": "", "mother_phone": "", "mother_work_phone": "", "mother_company": "", "company1": "", "position1": "", "start_date1": null, "end_date1": null, "country1": "", "company2": "", "position2": "", "start_date2": null, "end_date2": null, "country2": "", "company3": "", "position3": "", "start_date3": null, "end_date3": null, "country3": "", "german": "C2", "english": "C2", "turkish": "", "russian": "C2", "chinese": "", "driver_license": false, "driving_experience": "", "cat_a": false, "cat_b": false, "cat_c": false, "cat_d": false, "cat_e": false, "tractor": false, "transmission": "", "bicycle_skill": "", "shirt_size": "", "pants_size": null, "shoe_size": null, "reading": false, "singing": false, "travelling": false, "yoga": false, "dancing": false, "sport": false, "drawing": false, "computer_games": false, "guitar": false, "films": false, "music": false, "knitting": false, "cooking": false, "fishing": false, "photographing": false, "study_certificate": "", "study_certificate_confirm": false, "study_certificate_paper_confirm": false, "study_certificate_embassy": "", "study_certificate_embassy_confirm": false, "study_certificate_paper_embassy_confirm": false, "study_certificate_translate_embassy": "", "study_certificate_translate_embassy_confirm": false, "study_certificate_translate_paper_embassy_confirm": false, "photo_for_schengen": "", "photo_for_schengen_confirm": false, "photo_for_schengen_paper_confirm": false, "zagranpassport_copy": "", "zagranpassport_copy_confirm": false, "zagranpassport_copy_paper_confirm": false, "passport_copy": "", "passport_copy_confirm": false, "passport_copy_paper_confirm": false, "fluorography_express": "", "fluorography_express_confirm": false, "fluorography_express_paper_confirm": false, "fluorography": "", "fluorography_confirm": false, "fluorography_paper_confirm": false, "immatrikulation": "", "immatrikulation_download_date": null, "immatrikulation_confirm": false, "immatrikulation_paper_confirm": false, "transcript": "", "transcript_confirm": false, "transcript_paper_confirm": false, "transcript_translate": "", "transcript_translate_confirm": false, "transcript_translate_paper_confirm": false, "bank_statement": "", "bank_statement_confirm": false, "bank_statement_paper_confirm": false, "conduct_certificate": "", "conduct_certificate_confirm": false, "conduct_certificate_paper_confirm": false, "mentaldispanser_certificate": "", "mentaldispanser_certificate_confirm": false, "mentaldispanser_certificate_paper_confirm": false, "drugdispanser_certificate": "", "drugdispanser_certificate_confirm": false, "drugdispanser_certificate_paper_confirm": false, "parental_permission": "", "parental_permission_confirm": false, "parental_permission_paper_confirm": false, "bank_details": "", "bank_details_confirm": false, "bank_details_paper_confirm": false, "jipl_paper_confirm": false, "resume_paper_confirm": false, "work_contract_paper_confirm": false, "traning_contract_paper_confirm": false, "receipt_paper_confirm": false, "embassy_anketa": false, "contract_date": null, "termin": null, "embassy_visametric": "", "training_sum": 0, "training_sum_stable": 0, "employment_sum": 0, "is_training_sum": false, "is_training_sum_stable": false, "is_employment_sum": false, "full_sum": 0, "employer_confirm_date": null, "zav_send_date": null, "work_permit_date": null, "work_invitation_date": null, "documents_send_date": null, "german_insurance": false, "local_insurance": false, "accomodation": false, "accomodation_type": "", "german_work_contract": false, "documents_collected_by": "", "consultant": "", "consult_date": null, "flight_date": null, "arrival_date": null, "destination_date": null, "arrival_city": "", "arrival_airport": "", "arrival_place": "", "marshrut": "not_exist", "immatrikulation_received": false, "domkom_document": "not_exist", "bilet_document": "not_exist", "akt_trainings": false, "akt_iwex": false, "receipt_flight": false, "consultant_before_flight": "", "work_from": null, "work_to": null, "company_name": "", "position": "", "agreement1_download_date": null, "agreement2_download_date": null, "agreement3_download_date": null, "agreement1": "", "agreement2": "", "agreement3": "", "agreement1_date": null, "agreement2_date": null, "agreement3_date": null, "agreement1_number": null, "agreement2_number": null, "agreement3_number": null, "act1": "", "act2": "", "act3": "", "act1_download_date": null, "act2_download_date": null, "act3_download_date": null, "closure1": "", "closure2": "", "closure3": "", "consult_list": "", "invitation": "", "labor_agreement": "", "liveplace_approve": "", "insurance": "", "in_review": null, "visa_file": "", "visa_reject": null, "loan": null, "living_condition": null, "new_email": null, "telephone": null, "pnr_code": null, "termin_scan": "", "has_termin": false, "characteristics": "", "nvks": false, "in_interview_review": null, "director_manager": null, "employer": null, "is_refused": false}}, {"model": "accounts.profile", "pk": 21, "fields": {"user": 19, "photo": "ohrana_sC9cvdy.jpeg", "is_confirmed": false, "is_form_completed": false, "is_admin_confirmed": false, "access_to_registration_documents": false, "access_to_embassy_documents": false, "start_vise_date": null, "end_vise_date": null, "level": "", "courses_info": "", "creation_date": "2023-10-02T07:31:48.894Z", "comment": "", "note": "", "first_name": "", "first_name_ru": "", "last_name": "", "last_name_ru": "", "gender": "Мужской", "bday": null, "nationality": "", "been_to_germany": false, "birth_country": "", "birth_region": "", "birth_city": "", "reg_region": "", "reg_city": "", "reg_city_en": "", "reg_district": "", "reg_district_en": "", "reg_street": "", "reg_street_en": "", "reg_house": "", "reg_apartment": "", "live_region": "", "live_city": "", "live_city_en": "", "live_district": "", "live_district_en": "", "live_street": "", "live_street_en": "", "live_house": "", "live_apartment": "", "passport_number": "", "zagranpassport_number": "", "zagranpassport_end_time": null, "university": 2, "faculty": 1, "degree": "", "year": null, "study_start": null, "study_end": null, "summer_holidays_start": null, "summer_holidays_end": null, "direction": null, "father_phone": "", "father_work_phone": "", "father_company": "", "mother_phone": "", "mother_work_phone": "", "mother_company": "", "company1": "", "position1": "", "start_date1": null, "end_date1": null, "country1": "", "company2": "", "position2": "", "start_date2": null, "end_date2": null, "country2": "", "company3": "", "position3": "", "start_date3": null, "end_date3": null, "country3": "", "german": "", "english": "Хорошо", "turkish": "В совершенстве", "russian": "Хорошо", "chinese": "Разговорный", "driver_license": true, "driving_experience": "", "cat_a": false, "cat_b": false, "cat_c": false, "cat_d": false, "cat_e": false, "tractor": false, "transmission": "", "bicycle_skill": "", "shirt_size": "", "pants_size": null, "shoe_size": null, "reading": false, "singing": false, "travelling": false, "yoga": false, "dancing": false, "sport": false, "drawing": false, "computer_games": false, "guitar": false, "films": false, "music": false, "knitting": false, "cooking": false, "fishing": false, "photographing": false, "study_certificate": "", "study_certificate_confirm": false, "study_certificate_paper_confirm": false, "study_certificate_embassy": "", "study_certificate_embassy_confirm": false, "study_certificate_paper_embassy_confirm": false, "study_certificate_translate_embassy": "", "study_certificate_translate_embassy_confirm": false, "study_certificate_translate_paper_embassy_confirm": false, "photo_for_schengen": "", "photo_for_schengen_confirm": false, "photo_for_schengen_paper_confirm": false, "zagranpassport_copy": "", "zagranpassport_copy_confirm": false, "zagranpassport_copy_paper_confirm": false, "passport_copy": "", "passport_copy_confirm": false, "passport_copy_paper_confirm": false, "fluorography_express": "", "fluorography_express_confirm": false, "fluorography_express_paper_confirm": false, "fluorography": "", "fluorography_confirm": false, "fluorography_paper_confirm": false, "immatrikulation": "", "immatrikulation_download_date": null, "immatrikulation_confirm": false, "immatrikulation_paper_confirm": false, "transcript": "", "transcript_confirm": false, "transcript_paper_confirm": false, "transcript_translate": "", "transcript_translate_confirm": false, "transcript_translate_paper_confirm": false, "bank_statement": "", "bank_statement_confirm": false, "bank_statement_paper_confirm": false, "conduct_certificate": "", "conduct_certificate_confirm": false, "conduct_certificate_paper_confirm": false, "mentaldispanser_certificate": "", "mentaldispanser_certificate_confirm": false, "mentaldispanser_certificate_paper_confirm": false, "drugdispanser_certificate": "", "drugdispanser_certificate_confirm": false, "drugdispanser_certificate_paper_confirm": false, "parental_permission": "", "parental_permission_confirm": false, "parental_permission_paper_confirm": false, "bank_details": "", "bank_details_confirm": false, "bank_details_paper_confirm": false, "jipl_paper_confirm": false, "resume_paper_confirm": false, "work_contract_paper_confirm": false, "traning_contract_paper_confirm": false, "receipt_paper_confirm": false, "embassy_anketa": false, "contract_date": null, "termin": null, "embassy_visametric": "", "training_sum": 0, "training_sum_stable": 0, "employment_sum": 0, "is_training_sum": false, "is_training_sum_stable": false, "is_employment_sum": false, "full_sum": 0, "employer_confirm_date": null, "zav_send_date": null, "work_permit_date": null, "work_invitation_date": null, "documents_send_date": null, "german_insurance": false, "local_insurance": false, "accomodation": false, "accomodation_type": "", "german_work_contract": false, "documents_collected_by": "", "consultant": "", "consult_date": null, "flight_date": null, "arrival_date": null, "destination_date": null, "arrival_city": "", "arrival_airport": "", "arrival_place": "", "marshrut": "not_exist", "immatrikulation_received": false, "domkom_document": "not_exist", "bilet_document": "not_exist", "akt_trainings": false, "akt_iwex": false, "receipt_flight": false, "consultant_before_flight": "", "work_from": null, "work_to": null, "company_name": "", "position": "", "agreement1_download_date": null, "agreement2_download_date": null, "agreement3_download_date": null, "agreement1": "", "agreement2": "", "agreement3": "", "agreement1_date": null, "agreement2_date": null, "agreement3_date": null, "agreement1_number": null, "agreement2_number": null, "agreement3_number": null, "act1": "", "act2": "", "act3": "", "act1_download_date": null, "act2_download_date": null, "act3_download_date": null, "closure1": "", "closure2": "", "closure3": "", "consult_list": "", "invitation": "", "labor_agreement": "", "liveplace_approve": "", "insurance": "", "in_review": null, "visa_file": "", "visa_reject": null, "loan": null, "living_condition": null, "new_email": null, "telephone": null, "pnr_code": null, "termin_scan": "", "has_termin": false, "characteristics": "", "nvks": false, "in_interview_review": null, "director_manager": null, "employer": null, "is_refused": false}}, {"model": "accounts.profile", "pk": 23, "fields": {"user": 20, "photo": "", "is_confirmed": false, "is_form_completed": false, "is_admin_confirmed": false, "access_to_registration_documents": false, "access_to_embassy_documents": false, "start_vise_date": null, "end_vise_date": null, "level": "", "courses_info": "", "creation_date": "2023-10-02T08:35:58.198Z", "comment": "", "note": "", "first_name": "", "first_name_ru": "", "last_name": "", "last_name_ru": "", "gender": "Мужской", "bday": null, "nationality": "", "been_to_germany": false, "birth_country": "", "birth_region": "", "birth_city": "", "reg_region": "", "reg_city": "", "reg_city_en": "", "reg_district": "", "reg_district_en": "", "reg_street": "", "reg_street_en": "", "reg_house": "", "reg_apartment": "", "live_region": "", "live_city": "", "live_city_en": "", "live_district": "", "live_district_en": "", "live_street": "", "live_street_en": "", "live_house": "", "live_apartment": "", "passport_number": "", "zagranpassport_number": "", "zagranpassport_end_time": null, "university": 2, "faculty": 1, "degree": "", "year": null, "study_start": null, "study_end": null, "summer_holidays_start": null, "summer_holidays_end": null, "direction": null, "father_phone": "", "father_work_phone": "", "father_company": "", "mother_phone": "", "mother_work_phone": "", "mother_company": "", "company1": "", "position1": "", "start_date1": null, "end_date1": null, "country1": "", "company2": "", "position2": "", "start_date2": null, "end_date2": null, "country2": "", "company3": "", "position3": "", "start_date3": null, "end_date3": null, "country3": "", "german": "B2", "english": "B1", "turkish": "B2", "russian": "C1", "chinese": "B1", "driver_license": false, "driving_experience": "", "cat_a": false, "cat_b": false, "cat_c": false, "cat_d": false, "cat_e": false, "tractor": false, "transmission": "", "bicycle_skill": "", "shirt_size": "", "pants_size": null, "shoe_size": null, "reading": false, "singing": false, "travelling": false, "yoga": false, "dancing": false, "sport": false, "drawing": false, "computer_games": false, "guitar": false, "films": false, "music": false, "knitting": false, "cooking": false, "fishing": false, "photographing": false, "study_certificate": "", "study_certificate_confirm": false, "study_certificate_paper_confirm": false, "study_certificate_embassy": "", "study_certificate_embassy_confirm": false, "study_certificate_paper_embassy_confirm": false, "study_certificate_translate_embassy": "", "study_certificate_translate_embassy_confirm": false, "study_certificate_translate_paper_embassy_confirm": false, "photo_for_schengen": "", "photo_for_schengen_confirm": false, "photo_for_schengen_paper_confirm": false, "zagranpassport_copy": "", "zagranpassport_copy_confirm": false, "zagranpassport_copy_paper_confirm": false, "passport_copy": "", "passport_copy_confirm": false, "passport_copy_paper_confirm": false, "fluorography_express": "", "fluorography_express_confirm": false, "fluorography_express_paper_confirm": false, "fluorography": "", "fluorography_confirm": false, "fluorography_paper_confirm": false, "immatrikulation": "", "immatrikulation_download_date": null, "immatrikulation_confirm": false, "immatrikulation_paper_confirm": false, "transcript": "", "transcript_confirm": false, "transcript_paper_confirm": false, "transcript_translate": "", "transcript_translate_confirm": false, "transcript_translate_paper_confirm": false, "bank_statement": "", "bank_statement_confirm": false, "bank_statement_paper_confirm": false, "conduct_certificate": "", "conduct_certificate_confirm": false, "conduct_certificate_paper_confirm": false, "mentaldispanser_certificate": "", "mentaldispanser_certificate_confirm": false, "mentaldispanser_certificate_paper_confirm": false, "drugdispanser_certificate": "", "drugdispanser_certificate_confirm": false, "drugdispanser_certificate_paper_confirm": false, "parental_permission": "", "parental_permission_confirm": false, "parental_permission_paper_confirm": false, "bank_details": "", "bank_details_confirm": false, "bank_details_paper_confirm": false, "jipl_paper_confirm": false, "resume_paper_confirm": false, "work_contract_paper_confirm": false, "traning_contract_paper_confirm": false, "receipt_paper_confirm": false, "embassy_anketa": false, "contract_date": null, "termin": null, "embassy_visametric": "", "training_sum": 0, "training_sum_stable": 0, "employment_sum": 0, "is_training_sum": false, "is_training_sum_stable": false, "is_employment_sum": false, "full_sum": 0, "employer_confirm_date": null, "zav_send_date": null, "work_permit_date": null, "work_invitation_date": null, "documents_send_date": null, "german_insurance": false, "local_insurance": false, "accomodation": false, "accomodation_type": "", "german_work_contract": false, "documents_collected_by": "", "consultant": "", "consult_date": null, "flight_date": null, "arrival_date": null, "destination_date": null, "arrival_city": "", "arrival_airport": "", "arrival_place": "", "marshrut": "not_exist", "immatrikulation_received": false, "domkom_document": "not_exist", "bilet_document": "not_exist", "akt_trainings": false, "akt_iwex": false, "receipt_flight": false, "consultant_before_flight": "", "work_from": null, "work_to": null, "company_name": "", "position": "", "agreement1_download_date": null, "agreement2_download_date": null, "agreement3_download_date": null, "agreement1": "", "agreement2": "", "agreement3": "", "agreement1_date": null, "agreement2_date": null, "agreement3_date": null, "agreement1_number": null, "agreement2_number": null, "agreement3_number": null, "act1": "", "act2": "", "act3": "", "act1_download_date": null, "act2_download_date": null, "act3_download_date": null, "closure1": "", "closure2": "", "closure3": "", "consult_list": "", "invitation": "", "labor_agreement": "", "liveplace_approve": "", "insurance": "", "in_review": null, "visa_file": "", "visa_reject": null, "loan": null, "living_condition": null, "new_email": null, "telephone": null, "pnr_code": null, "termin_scan": "", "has_termin": false, "characteristics": "", "nvks": false, "in_interview_review": null, "director_manager": null, "employer": null, "is_refused": false}}, {"model": "accounts.bill", "pk": 1, "fields": {"profile": 15, "who_created": 11, "pay_sum": 150000, "created_at": "2023-09-27T04:25:33.499Z", "updated_at": "2023-09-27T04:25:33.500Z"}}, {"model": "core.university", "pk": 1, "fields": {"name": "Политех", "name_ru": "Политех", "name_de": "Polytech", "address": "Lermontova 123", "phone": "+996500425816", "site": "https://crm.iwex.kg/admin/core/university/add/"}}, {"model": "core.university", "pk": 2, "fields": {"name": "КНУ", "name_ru": "Кыргызский национальный университет", "name_de": "Kirgisische Nationaluniversität", "address": "Kolbaeva 12", "phone": "+996702792344", "site": "https://www.knu.kg/ru/"}}, {"model": "core.university", "pk": 3, "fields": {"name": "КРСУ", "name_ru": "Кыргызско-Российский Славянский университет", "name_de": "Kirgisisch-Russische Slawische Universität", "address": "Chui 176", "phone": "+996502010401", "site": "https://www.krsu.edu.kg/"}}, {"model": "core.faculty", "pk": 1, "fields": {"name_ru": "Департамент цифровых технологий", "name_de": "Abteilung für digitale Technologien"}}, {"model": "core.faculty", "pk": 2, "fields": {"name_ru": "математика и информатика", "name_de": "Mathematik und Informatik"}}, {"model": "core.notification", "pk": 1, "fields": {"profile": null, "author": "iWEX", "title": "Сообщение", "message": "helooo", "date": "2023-09-01T10:32:50.299Z", "is_viewed": false}}, {"model": "core.notification", "pk": 2, "fields": {"profile": null, "author": "iWEX", "title": "Сообщение", "message": "pizdy dam!", "date": "2023-09-13T10:05:25.294Z", "is_viewed": false}}, {"model": "core.notification", "pk": 3, "fields": {"profile": null, "author": "iWEX", "title": "Сообщение", "message": "pizdy dam!", "date": "2023-09-13T10:06:29.465Z", "is_viewed": true}}, {"model": "core.notification", "pk": 4, "fields": {"profile": 15, "author": "Блейк Пирс", "title": "Сообщение", "message": "132", "date": "2023-09-27T04:35:21.979Z", "is_viewed": false}}, {"model": "core.employercompany", "pk": 154, "fields": {"icon": "", "user": 2, "name": "Latvenergo , AS", "country": "Латвия", "description": ""}}, {"model": "core.employercompany", "pk": 155, "fields": {"icon": "", "user": 4, "name": "Zara", "country": "Германия", "description": ""}}, {"model": "core.employercompany", "pk": 156, "fields": {"icon": "", "user": 18, "name": "Андерсон", "country": "123", "description": ""}}, {"model": "core.employercompany", "pk": 157, "fields": {"icon": "company_icons/1639050815_2-abrakadabra-fun-p-berserk-anime-na-avu-2.jpg", "user": 3, "name": "TestNameCompany", "country": "Bishkek", "description": "тестовое описание"}}, {"model": "core.vacancy", "pk": 369, "fields": {"language": "de", "proficiency": "B1", "picture": "vacancy_pics/sklad_r3p7IgU.webp", "user": 3, "employer_company": 155, "required_positions": 40, "required_positions_reviews": 34, "exchange": "EUR", "name": "Склад одежды Zara", "salary": "3000", "duty": "- Работа заключается в комплектации и упаковке заказов сделанных через интернет, сортировке и переупаковке возвратного товара, введение данных с товара при помощи сканера и компьютера\r\n\r\n- Проверка обуви или вещей на цвет,размер, модель.\r\n\r\n- Работа не сложная, в чистом помещении без шумов и запахов.", "city": "Мюнхен", "accomodation_type": "yes", "accomodation_cost": "Бесплатно", "is_vacancy_confirmed": true, "insurance": true, "transport": "нет", "contact_info": "Если тебя заинтересовала наша вакансия, для более детальной информации пишите нам на WhatsApp +447342433158 ( Олег)", "destination_point": "Пункт назначения: Мюнхен", "employer_dementions": "Оплачивете только визовый сбор и страховой полис!", "extra_info": "", "created_date": "2023-09-26T17:20:02.042Z"}}, {"model": "core.vacancy", "pk": 389, "fields": {"language": "en", "proficiency": "B1", "picture": "vacancy_pics/Снимок_экрана_от_2023-09-27_15-56-53.png", "user": 2, "employer_company": 154, "required_positions": 1, "required_positions_reviews": 0, "exchange": "", "name": "1", "salary": "1", "duty": "11", "city": "1", "accomodation_type": "yes", "accomodation_cost": "1", "is_vacancy_confirmed": false, "insurance": true, "transport": "1", "contact_info": "1", "destination_point": "1", "employer_dementions": "1", "extra_info": "", "created_date": "2023-09-27T10:57:15.221Z"}}, {"model": "core.vacancy", "pk": 393, "fields": {"language": "ru", "proficiency": "C2", "picture": "", "user": 2, "employer_company": 154, "required_positions": 1, "required_positions_reviews": 0, "exchange": "", "name": "sdc", "salary": "123", "duty": "dwd", "city": "asd", "accomodation_type": "no", "accomodation_cost": "13", "is_vacancy_confirmed": false, "insurance": true, "transport": "sdc", "contact_info": "sdcsdc", "destination_point": "sdcsdc", "employer_dementions": "cdsc", "extra_info": "", "created_date": "2023-09-27T11:01:44.727Z"}}, {"model": "core.vacancy", "pk": 394, "fields": {"language": "en", "proficiency": "B1", "picture": "vacancy_pics/647793_2sudRLG.png", "user": 2, "employer_company": 154, "required_positions": 10, "required_positions_reviews": 0, "exchange": "", "name": "estesf", "salary": "35345", "duty": "sedfsed", "city": "sdfdsf", "accomodation_type": "yes", "accomodation_cost": "asdasd", "is_vacancy_confirmed": false, "insurance": true, "transport": "asd", "contact_info": "asd", "destination_point": "asd", "employer_dementions": "asd", "extra_info": "", "created_date": "2023-09-27T11:03:58.219Z"}}, {"model": "core.vacancy", "pk": 397, "fields": {"language": "en", "proficiency": "B2", "picture": "", "user": 2, "employer_company": 154, "required_positions": 2, "required_positions_reviews": 0, "exchange": "", "name": "Программист", "salary": "5000$", "duty": "разрабатывать программы", "city": "Бишкек", "accomodation_type": "yes", "accomodation_cost": "12000с", "is_vacancy_confirmed": false, "insurance": true, "transport": "Не имеется", "contact_info": "+996222890220", "destination_point": "Айти компания", "employer_dementions": "Софтскилы, хардскилы", "extra_info": "", "created_date": "2023-09-28T04:04:11.093Z"}}, {"model": "core.vacancy", "pk": 398, "fields": {"language": "en", "proficiency": "B2", "picture": "", "user": 2, "employer_company": 154, "required_positions": 2, "required_positions_reviews": 0, "exchange": "", "name": "Программист", "salary": "5000$", "duty": "разрабатывать программы", "city": "Бишкек", "accomodation_type": "yes", "accomodation_cost": "12000с", "is_vacancy_confirmed": false, "insurance": true, "transport": "Не имеется", "contact_info": "+996222890220", "destination_point": "Айти компания", "employer_dementions": "Софтскилы, хардскилы", "extra_info": "", "created_date": "2023-09-28T04:04:15.219Z"}}, {"model": "core.vacancy", "pk": 399, "fields": {"language": "en", "proficiency": "B2", "picture": "", "user": 2, "employer_company": 154, "required_positions": 2, "required_positions_reviews": 0, "exchange": "", "name": "Программист", "salary": "5000$", "duty": "разрабатывать программы", "city": "Бишкек", "accomodation_type": "yes", "accomodation_cost": "12000с", "is_vacancy_confirmed": false, "insurance": true, "transport": "Не имеется", "contact_info": "+996222890220", "destination_point": "Айти компания", "employer_dementions": "Софтскилы, хардскилы", "extra_info": "", "created_date": "2023-09-28T04:04:25.658Z"}}, {"model": "core.vacancy", "pk": 408, "fields": {"language": "en", "proficiency": "B1", "picture": "vacancy_pics/person-at-computer.jpeg.webp", "user": 2, "employer_company": 154, "required_positions": 1, "required_positions_reviews": 0, "exchange": "", "name": "Developer", "salary": "123$", "duty": "разрабатывать сайты", "city": "Ош", "accomodation_type": "yes", "accomodation_cost": "123", "is_vacancy_confirmed": true, "insurance": true, "transport": "такси", "contact_info": "+996552220790", "destination_point": "Аэропорт Ош", "employer_dementions": "умение общаться с людьми", "extra_info": "string", "created_date": "2023-09-29T07:46:31.994Z"}}, {"model": "core.vacancy", "pk": 413, "fields": {"language": "en", "proficiency": "B1", "picture": "", "user": 2, "employer_company": 154, "required_positions": 12, "required_positions_reviews": 0, "exchange": "", "name": "апмапм", "salary": "1212", "duty": "ыджвьсдэывьсдывс", "city": "ывсывс", "accomodation_type": "yes", "accomodation_cost": "2", "is_vacancy_confirmed": false, "insurance": true, "transport": "ывсывс", "contact_info": "12123123", "destination_point": "ывс", "employer_dementions": "высывс", "extra_info": "string", "created_date": "2023-10-02T10:18:04.869Z"}}, {"model": "core.vacancy", "pk": 415, "fields": {"language": "de", "proficiency": "A1", "picture": "vacancy_pics/30258560055803013_d7dc_Mr75BVu.jpg", "user": 3, "employer_company": 157, "required_positions": 1, "required_positions_reviews": 0, "exchange": "RUB", "name": "Электромобили", "salary": "40000", "duty": "", "city": "", "accomodation_type": "", "accomodation_cost": "", "is_vacancy_confirmed": true, "insurance": false, "transport": "", "contact_info": "", "destination_point": "", "employer_dementions": "", "extra_info": "", "created_date": "2023-10-04T07:14:28.465Z"}}, {"model": "core.reviewvacancy", "pk": 2, "fields": {"status": "Одобрено", "applicant_profile": 19, "employer": 2, "vacancy": 408, "employer_comment": "Поздравляю, вы одобрены на вакансию \"Developer\""}}, {"model": "core.profilecounter", "pk": 1, "fields": {"amount_of_profiles": 1, "list_of_names": "[\" \"]", "creation_date": "2023-08-25"}}, {"model": "core.profilecounter", "pk": 2, "fields": {"amount_of_profiles": 5, "list_of_names": "[\" \", \" \", \" \", \" \", \" \"]", "creation_date": "2023-09-06"}}, {"model": "core.profilecounter", "pk": 3, "fields": {"amount_of_profiles": 3, "list_of_names": "[\" \", \" \", \" \"]", "creation_date": "2023-09-11"}}, {"model": "core.profilecounter", "pk": 4, "fields": {"amount_of_profiles": 1, "list_of_names": "[\"\\u0410\\u0439\\u0434\\u0438\\u043d \\u0423\\u043a\\u0438\\u0435\\u0432\"]", "creation_date": "2023-09-14"}}, {"model": "core.profilecounter", "pk": 5, "fields": {"amount_of_profiles": 3, "list_of_names": "[\" \", \" \", \"Aidin Ukiev\"]", "creation_date": "2023-09-15"}}, {"model": "core.profilecounter", "pk": 6, "fields": {"amount_of_profiles": 1, "list_of_names": "[\"Kairat Melisov\"]", "creation_date": "2023-09-25"}}, {"model": "core.profilecounter", "pk": 7, "fields": {"amount_of_profiles": 2, "list_of_names": "[\" \", \"Nuris Koko\"]", "creation_date": "2023-09-27"}}, {"model": "core.profilecounter", "pk": 8, "fields": {"amount_of_profiles": 3, "list_of_names": "[\" \", \" \", \" \"]", "creation_date": "2023-10-02"}}, {"model": "core.tariff", "pk": 1, "fields": {"amount_in_digits": 15000, "amount_in_text": "десять тысяч"}}, {"model": "core.tariff", "pk": 2, "fields": {"amount_in_digits": 15000, "amount_in_text": "десять тысяч"}}]