[{"model": "admin.logentry", "pk": 1, "fields": {"action_time": "2024-01-04T10:27:09.626Z", "user": 1, "content_type": 15, "object_id": "2", "object_repr": "ruslan@gmail.com", "action_flag": 2, "change_message": "[{\"changed\": {\"fields\": [\"\\u0420\\u043e\\u043b\\u044c\"]}}]"}}, {"model": "admin.logentry", "pk": 2, "fields": {"action_time": "2024-01-04T10:28:47.622Z", "user": 1, "content_type": 24, "object_id": "1", "object_repr": "Bishkek", "action_flag": 1, "change_message": "[{\"added\": {}}]"}}, {"model": "admin.logentry", "pk": 3, "fields": {"action_time": "2024-01-04T10:29:25.616Z", "user": 1, "content_type": 18, "object_id": "1", "object_repr": "test", "action_flag": 1, "change_message": "[{\"added\": {}}]"}}, {"model": "admin.logentry", "pk": 4, "fields": {"action_time": "2024-01-05T04:05:16.364Z", "user": 1, "content_type": 24, "object_id": "2", "object_repr": "Таллин", "action_flag": 1, "change_message": "[{\"added\": {}}]"}}, {"model": "admin.logentry", "pk": 5, "fields": {"action_time": "2024-01-05T04:05:26.427Z", "user": 1, "content_type": 24, "object_id": "3", "object_repr": "Пярну", "action_flag": 1, "change_message": "[{\"added\": {}}]"}}, {"model": "admin.logentry", "pk": 6, "fields": {"action_time": "2024-01-05T11:14:51.198Z", "user": 1, "content_type": 24, "object_id": "3", "object_repr": "Пёрну", "action_flag": 2, "change_message": "[{\"changed\": {\"fields\": [\"Name\"]}}]"}}, {"model": "admin.logentry", "pk": 7, "fields": {"action_time": "2024-01-05T11:15:03.553Z", "user": 1, "content_type": 24, "object_id": "4", "object_repr": "Руслан иди на хуй", "action_flag": 1, "change_message": "[{\"added\": {}}]"}}, {"model": "admin.logentry", "pk": 8, "fields": {"action_time": "2024-01-07T08:44:31.242Z", "user": 1, "content_type": 24, "object_id": "3", "object_repr": "Пярну", "action_flag": 2, "change_message": "[{\"changed\": {\"fields\": [\"Name\"]}}]"}}, {"model": "admin.logentry", "pk": 9, "fields": {"action_time": "2024-01-07T08:44:40.882Z", "user": 1, "content_type": 24, "object_id": "4", "object_repr": "Руслан иди на хуй", "action_flag": 3, "change_message": ""}}, {"model": "admin.logentry", "pk": 10, "fields": {"action_time": "2024-01-07T08:54:00.336Z", "user": 1, "content_type": 24, "object_id": "5", "object_repr": "Berlin", "action_flag": 1, "change_message": "[{\"added\": {}}]"}}, {"model": "admin.logentry", "pk": 11, "fields": {"action_time": "2024-01-08T02:32:17.465Z", "user": 1, "content_type": 15, "object_id": "6", "object_repr": "Dhjdjd@djd.ru", "action_flag": 2, "change_message": "[{\"changed\": {\"fields\": [\"\\u0420\\u043e\\u043b\\u044c\"]}}]"}}, {"model": "admin.logentry", "pk": 12, "fields": {"action_time": "2024-01-08T03:30:59.433Z", "user": 1, "content_type": 15, "object_id": "11", "object_repr": "defdgb@gmail.com", "action_flag": 2, "change_message": "[{\"changed\": {\"fields\": [\"\\u0420\\u043e\\u043b\\u044c\"]}}]"}}, {"model": "admin.logentry", "pk": 13, "fields": {"action_time": "2024-01-08T04:03:02.330Z", "user": 1, "content_type": 15, "object_id": "1", "object_repr": "admin@mail.ru", "action_flag": 2, "change_message": "[{\"changed\": {\"fields\": [\"\\u0420\\u043e\\u043b\\u044c\"]}}]"}}, {"model": "admin.logentry", "pk": 14, "fields": {"action_time": "2024-01-08T04:03:02.335Z", "user": 1, "content_type": 15, "object_id": "3", "object_repr": "123@gmail.com", "action_flag": 2, "change_message": "[{\"changed\": {\"fields\": [\"\\u0420\\u043e\\u043b\\u044c\"]}}]"}}, {"model": "admin.logentry", "pk": 15, "fields": {"action_time": "2024-01-08T04:03:02.339Z", "user": 1, "content_type": 15, "object_id": "4", "object_repr": "test@gmail.com", "action_flag": 2, "change_message": "[{\"changed\": {\"fields\": [\"\\u0420\\u043e\\u043b\\u044c\"]}}]"}}, {"model": "admin.logentry", "pk": 16, "fields": {"action_time": "2024-01-08T04:03:02.342Z", "user": 1, "content_type": 15, "object_id": "5", "object_repr": "Dje@gshd.ru", "action_flag": 2, "change_message": "[{\"changed\": {\"fields\": [\"\\u0420\\u043e\\u043b\\u044c\"]}}]"}}, {"model": "admin.logentry", "pk": 17, "fields": {"action_time": "2024-01-08T04:03:02.345Z", "user": 1, "content_type": 15, "object_id": "7", "object_repr": "test2@gmail.com", "action_flag": 2, "change_message": "[{\"changed\": {\"fields\": [\"\\u0420\\u043e\\u043b\\u044c\"]}}]"}}, {"model": "admin.logentry", "pk": 18, "fields": {"action_time": "2024-01-08T04:03:02.348Z", "user": 1, "content_type": 15, "object_id": "8", "object_repr": "ewrgb@gmail.com", "action_flag": 2, "change_message": "[{\"changed\": {\"fields\": [\"\\u0420\\u043e\\u043b\\u044c\"]}}]"}}, {"model": "admin.logentry", "pk": 19, "fields": {"action_time": "2024-01-08T04:03:02.352Z", "user": 1, "content_type": 15, "object_id": "9", "object_repr": "ewfgd@gmail.com", "action_flag": 2, "change_message": "[{\"changed\": {\"fields\": [\"\\u0420\\u043e\\u043b\\u044c\"]}}]"}}, {"model": "admin.logentry", "pk": 20, "fields": {"action_time": "2024-01-08T04:03:02.356Z", "user": 1, "content_type": 15, "object_id": "10", "object_repr": "wefsgb@fsef.ru", "action_flag": 2, "change_message": "[{\"changed\": {\"fields\": [\"\\u0420\\u043e\\u043b\\u044c\"]}}]"}}, {"model": "admin.logentry", "pk": 21, "fields": {"action_time": "2024-01-09T04:55:00.765Z", "user": 1, "content_type": 15, "object_id": "18", "object_repr": "devxwc@gmail.com", "action_flag": 1, "change_message": "[{\"added\": {}}]"}}, {"model": "admin.logentry", "pk": 22, "fields": {"action_time": "2024-01-09T05:14:53.843Z", "user": 1, "content_type": 21, "object_id": "1", "object_repr": "Уборщица", "action_flag": 1, "change_message": "[{\"added\": {}}]"}}, {"model": "admin.logentry", "pk": 23, "fields": {"action_time": "2024-01-09T05:21:06.553Z", "user": 1, "content_type": 32, "object_id": "1", "object_repr": "devxwc@gmail.com", "action_flag": 1, "change_message": "[{\"added\": {}}]"}}, {"model": "admin.logentry", "pk": 24, "fields": {"action_time": "2024-01-09T05:21:28.751Z", "user": 1, "content_type": 35, "object_id": "1", "object_repr": "123@gmail.com rated devxwc@gmail.com - 5 звезд", "action_flag": 1, "change_message": "[{\"added\": {}}]"}}, {"model": "admin.logentry", "pk": 25, "fields": {"action_time": "2024-01-09T05:22:01.259Z", "user": 1, "content_type": 34, "object_id": "1", "object_repr": "devxwc@gmail.com - Google", "action_flag": 1, "change_message": "[{\"added\": {}}]"}}, {"model": "admin.logentry", "pk": 26, "fields": {"action_time": "2024-01-09T05:24:46.698Z", "user": 1, "content_type": 32, "object_id": "1", "object_repr": "devxwc@gmail.com", "action_flag": 2, "change_message": "[{\"changed\": {\"fields\": [\"\\u041d\\u043e\\u043c\\u0435\\u0440 \\u0442\\u0435\\u043b\\u0435\\u0444\\u043e\\u043d\\u0430\", \"\\u041d\\u043e\\u043c\\u0435\\u0440 Whatsapp\", \"\\u041e\\u043f\\u044b\\u0442 \\u0440\\u0430\\u0431\\u043e\\u0442\\u044b\", \"\\u0420\\u0435\\u0439\\u0442\\u0438\\u043d\\u0433\"]}}]"}}, {"model": "admin.logentry", "pk": 27, "fields": {"action_time": "2024-01-09T07:15:16.153Z", "user": 1, "content_type": 15, "object_id": "18", "object_repr": "devxwc@gmail.com", "action_flag": 2, "change_message": "[{\"changed\": {\"fields\": [\"\\u0410\\u043a\\u0442\\u0438\\u0432\\u0435\\u043d\", \"\\u041f\\u043e\\u0447\\u0442\\u0430 \\u043f\\u043e\\u0434\\u0442\\u0432\\u0435\\u0440\\u0436\\u0434\\u0435\\u043d\\u0430\"]}}]"}}, {"model": "admin.logentry", "pk": 28, "fields": {"action_time": "2024-01-09T07:19:27.543Z", "user": 1, "content_type": 32, "object_id": "1", "object_repr": "devxwc@gmail.com", "action_flag": 2, "change_message": "[{\"changed\": {\"fields\": [\"\\u0424\\u043e\\u0442\\u043e \\u043f\\u0440\\u043e\\u0444\\u0438\\u043b\\u044f\"]}}]"}}, {"model": "admin.logentry", "pk": 29, "fields": {"action_time": "2024-01-09T07:23:23.706Z", "user": 1, "content_type": 32, "object_id": "1", "object_repr": "devxwc@gmail.com", "action_flag": 2, "change_message": "[]"}}, {"model": "admin.logentry", "pk": 30, "fields": {"action_time": "2024-01-09T07:23:24.363Z", "user": 1, "content_type": 32, "object_id": "1", "object_repr": "devxwc@gmail.com", "action_flag": 2, "change_message": "[]"}}, {"model": "admin.logentry", "pk": 31, "fields": {"action_time": "2024-01-09T07:24:07.677Z", "user": 1, "content_type": 15, "object_id": "18", "object_repr": "devxwc@gmail.com", "action_flag": 2, "change_message": "[]"}}, {"model": "admin.logentry", "pk": 32, "fields": {"action_time": "2024-01-09T08:17:19.337Z", "user": 1, "content_type": 15, "object_id": "18", "object_repr": "devxwc@gmail.com", "action_flag": 2, "change_message": "[{\"changed\": {\"fields\": [\"\\u041f\\u043e\\u0447\\u0442\\u0430 \\u043f\\u043e\\u0434\\u0442\\u0432\\u0435\\u0440\\u0436\\u0434\\u0435\\u043d\\u0430\"]}}]"}}, {"model": "admin.logentry", "pk": 33, "fields": {"action_time": "2024-01-09T08:22:01.650Z", "user": 1, "content_type": 15, "object_id": "18", "object_repr": "devxwc@gmail.com", "action_flag": 2, "change_message": "[{\"changed\": {\"fields\": [\"\\u0421\\u0443\\u043f\\u0435\\u0440\\u043f\\u043e\\u043b\\u044c\\u0437\\u043e\\u0432\\u0430\\u0442\\u0435\\u043b\\u044c\", \"\\u041f\\u043e\\u0447\\u0442\\u0430 \\u043f\\u043e\\u0434\\u0442\\u0432\\u0435\\u0440\\u0436\\u0434\\u0435\\u043d\\u0430\"]}}]"}}, {"model": "admin.logentry", "pk": 34, "fields": {"action_time": "2024-01-09T08:24:22.663Z", "user": 1, "content_type": 15, "object_id": "18", "object_repr": "devxwc@gmail.com", "action_flag": 2, "change_message": "[{\"changed\": {\"fields\": [\"Password\"]}}]"}}, {"model": "admin.logentry", "pk": 35, "fields": {"action_time": "2024-01-09T08:27:58.740Z", "user": 1, "content_type": 15, "object_id": "18", "object_repr": "devxwc@gmail.com", "action_flag": 2, "change_message": "[{\"changed\": {\"fields\": [\"\\u0421\\u0443\\u043f\\u0435\\u0440\\u043f\\u043e\\u043b\\u044c\\u0437\\u043e\\u0432\\u0430\\u0442\\u0435\\u043b\\u044c\"]}}]"}}, {"model": "admin.logentry", "pk": 36, "fields": {"action_time": "2024-01-09T08:28:38.112Z", "user": 1, "content_type": 15, "object_id": "18", "object_repr": "devxwc@gmail.com", "action_flag": 2, "change_message": "[{\"changed\": {\"fields\": [\"Password\", \"\\u0421\\u0443\\u043f\\u0435\\u0440\\u043f\\u043e\\u043b\\u044c\\u0437\\u043e\\u0432\\u0430\\u0442\\u0435\\u043b\\u044c\", \"Last login\"]}}]"}}, {"model": "admin.logentry", "pk": 37, "fields": {"action_time": "2024-01-09T08:37:02.539Z", "user": 1, "content_type": 15, "object_id": "18", "object_repr": "devxwc@gmail.com", "action_flag": 2, "change_message": "[{\"changed\": {\"fields\": [\"\\u041d\\u043e\\u043c\\u0435\\u0440 \\u0442\\u0435\\u043b\\u0435\\u0444\\u043e\\u043d\\u0430\"]}}]"}}, {"model": "admin.logentry", "pk": 38, "fields": {"action_time": "2024-01-09T08:38:04.490Z", "user": 1, "content_type": 32, "object_id": "1", "object_repr": "devxwc@gmail.com", "action_flag": 2, "change_message": "[]"}}, {"model": "admin.logentry", "pk": 39, "fields": {"action_time": "2024-01-09T08:40:43.282Z", "user": 1, "content_type": 15, "object_id": "18", "object_repr": "devxwc@gmail.com", "action_flag": 2, "change_message": "[{\"changed\": {\"fields\": [\"\\u0421\\u0443\\u043f\\u0435\\u0440\\u043f\\u043e\\u043b\\u044c\\u0437\\u043e\\u0432\\u0430\\u0442\\u0435\\u043b\\u044c\"]}}]"}}, {"model": "admin.logentry", "pk": 40, "fields": {"action_time": "2024-01-09T08:43:58.057Z", "user": 1, "content_type": 32, "object_id": "2", "object_repr": "123@gmail.com", "action_flag": 1, "change_message": "[{\"added\": {}}]"}}, {"model": "admin.logentry", "pk": 41, "fields": {"action_time": "2024-01-09T08:45:08.975Z", "user": 1, "content_type": 32, "object_id": "2", "object_repr": "123@gmail.com", "action_flag": 2, "change_message": "[{\"changed\": {\"fields\": [\"\\u041d\\u043e\\u043c\\u0435\\u0440 \\u0442\\u0435\\u043b\\u0435\\u0444\\u043e\\u043d\\u0430\", \"\\u041d\\u043e\\u043c\\u0435\\u0440 Whatsapp\", \"\\u041e\\u043f\\u044b\\u0442 \\u0440\\u0430\\u0431\\u043e\\u0442\\u044b\"]}}]"}}, {"model": "admin.logentry", "pk": 42, "fields": {"action_time": "2024-01-09T08:48:24.172Z", "user": 1, "content_type": 32, "object_id": "1", "object_repr": "devxwc@gmail.com", "action_flag": 3, "change_message": ""}}, {"model": "admin.logentry", "pk": 43, "fields": {"action_time": "2024-01-09T08:48:40.669Z", "user": 1, "content_type": 15, "object_id": "18", "object_repr": "devxwc@gmail.com", "action_flag": 3, "change_message": ""}}, {"model": "admin.logentry", "pk": 44, "fields": {"action_time": "2024-01-09T08:49:34.644Z", "user": 1, "content_type": 15, "object_id": "19", "object_repr": "devxwc@gmail.com", "action_flag": 1, "change_message": "[{\"added\": {}}]"}}, {"model": "admin.logentry", "pk": 45, "fields": {"action_time": "2024-01-09T08:50:57.261Z", "user": 1, "content_type": 15, "object_id": "19", "object_repr": "devxwc@gmail.com", "action_flag": 2, "change_message": "[{\"changed\": {\"fields\": [\"\\u041f\\u043e\\u0447\\u0442\\u0430 \\u043f\\u043e\\u0434\\u0442\\u0432\\u0435\\u0440\\u0436\\u0434\\u0435\\u043d\\u0430\", \"\\u0420\\u043e\\u043b\\u044c\", \"Last login\"]}}]"}}, {"model": "admin.logentry", "pk": 46, "fields": {"action_time": "2024-01-09T08:51:44.899Z", "user": 1, "content_type": 15, "object_id": "20", "object_repr": "eelturan2@gmail.com", "action_flag": 1, "change_message": "[{\"added\": {}}]"}}, {"model": "admin.logentry", "pk": 47, "fields": {"action_time": "2024-01-09T08:51:55.591Z", "user": 1, "content_type": 15, "object_id": "20", "object_repr": "eelturan2@gmail.com", "action_flag": 2, "change_message": "[{\"changed\": {\"fields\": [\"\\u041f\\u043e\\u0447\\u0442\\u0430 \\u043f\\u043e\\u0434\\u0442\\u0432\\u0435\\u0440\\u0436\\u0434\\u0435\\u043d\\u0430\", \"\\u0420\\u043e\\u043b\\u044c\"]}}]"}}, {"model": "admin.logentry", "pk": 48, "fields": {"action_time": "2024-01-09T08:53:33.777Z", "user": 1, "content_type": 15, "object_id": "20", "object_repr": "eelturan2@gmail.com", "action_flag": 3, "change_message": ""}}, {"model": "admin.logentry", "pk": 49, "fields": {"action_time": "2024-01-09T08:57:59.474Z", "user": 1, "content_type": 32, "object_id": "3", "object_repr": "devxwc@gmail.com", "action_flag": 1, "change_message": "[{\"added\": {}}]"}}, {"model": "admin.logentry", "pk": 50, "fields": {"action_time": "2024-01-09T08:59:18.786Z", "user": 1, "content_type": 32, "object_id": "3", "object_repr": "devxwc@gmail.com", "action_flag": 2, "change_message": "[{\"changed\": {\"fields\": [\"\\u041d\\u043e\\u043c\\u0435\\u0440 \\u0442\\u0435\\u043b\\u0435\\u0444\\u043e\\u043d\\u0430\", \"\\u041d\\u043e\\u043c\\u0435\\u0440 Whatsapp\"]}}]"}}, {"model": "admin.logentry", "pk": 51, "fields": {"action_time": "2024-01-09T09:24:35.227Z", "user": 1, "content_type": 15, "object_id": "22", "object_repr": "borzenko605@gmail.com", "action_flag": 3, "change_message": ""}}, {"model": "admin.logentry", "pk": 52, "fields": {"action_time": "2024-01-09T09:25:18.474Z", "user": 1, "content_type": 15, "object_id": "22", "object_repr": "borzenko605@gmail.com", "action_flag": 3, "change_message": ""}}, {"model": "admin.logentry", "pk": 53, "fields": {"action_time": "2024-01-09T09:25:33.264Z", "user": 1, "content_type": 15, "object_id": "22", "object_repr": "borzenko605@gmail.com", "action_flag": 3, "change_message": ""}}, {"model": "admin.logentry", "pk": 54, "fields": {"action_time": "2024-01-09T09:25:49.963Z", "user": 1, "content_type": 15, "object_id": "22", "object_repr": "borzenko605@gmail.com", "action_flag": 3, "change_message": ""}}, {"model": "admin.logentry", "pk": 55, "fields": {"action_time": "2024-01-09T09:27:27.023Z", "user": 1, "content_type": 15, "object_id": "23", "object_repr": "borzenko605@gmail.com", "action_flag": 3, "change_message": ""}}, {"model": "admin.logentry", "pk": 56, "fields": {"action_time": "2024-01-09T09:40:34.432Z", "user": 1, "content_type": 15, "object_id": "24", "object_repr": "kairat.talant.2001@gmail.com", "action_flag": 2, "change_message": "[{\"changed\": {\"fields\": [\"password\"]}}]"}}, {"model": "auth.permission", "pk": 1, "fields": {"name": "Can add log entry", "content_type": 1, "codename": "add_logentry"}}, {"model": "auth.permission", "pk": 2, "fields": {"name": "Can change log entry", "content_type": 1, "codename": "change_logentry"}}, {"model": "auth.permission", "pk": 3, "fields": {"name": "Can delete log entry", "content_type": 1, "codename": "delete_logentry"}}, {"model": "auth.permission", "pk": 4, "fields": {"name": "Can view log entry", "content_type": 1, "codename": "view_logentry"}}, {"model": "auth.permission", "pk": 5, "fields": {"name": "Can add permission", "content_type": 2, "codename": "add_permission"}}, {"model": "auth.permission", "pk": 6, "fields": {"name": "Can change permission", "content_type": 2, "codename": "change_permission"}}, {"model": "auth.permission", "pk": 7, "fields": {"name": "Can delete permission", "content_type": 2, "codename": "delete_permission"}}, {"model": "auth.permission", "pk": 8, "fields": {"name": "Can view permission", "content_type": 2, "codename": "view_permission"}}, {"model": "auth.permission", "pk": 9, "fields": {"name": "Can add group", "content_type": 3, "codename": "add_group"}}, {"model": "auth.permission", "pk": 10, "fields": {"name": "Can change group", "content_type": 3, "codename": "change_group"}}, {"model": "auth.permission", "pk": 11, "fields": {"name": "Can delete group", "content_type": 3, "codename": "delete_group"}}, {"model": "auth.permission", "pk": 12, "fields": {"name": "Can view group", "content_type": 3, "codename": "view_group"}}, {"model": "auth.permission", "pk": 13, "fields": {"name": "Can add content type", "content_type": 4, "codename": "add_contenttype"}}, {"model": "auth.permission", "pk": 14, "fields": {"name": "Can change content type", "content_type": 4, "codename": "change_contenttype"}}, {"model": "auth.permission", "pk": 15, "fields": {"name": "Can delete content type", "content_type": 4, "codename": "delete_contenttype"}}, {"model": "auth.permission", "pk": 16, "fields": {"name": "Can view content type", "content_type": 4, "codename": "view_contenttype"}}, {"model": "auth.permission", "pk": 17, "fields": {"name": "Can add session", "content_type": 5, "codename": "add_session"}}, {"model": "auth.permission", "pk": 18, "fields": {"name": "Can change session", "content_type": 5, "codename": "change_session"}}, {"model": "auth.permission", "pk": 19, "fields": {"name": "Can delete session", "content_type": 5, "codename": "delete_session"}}, {"model": "auth.permission", "pk": 20, "fields": {"name": "Can view session", "content_type": 5, "codename": "view_session"}}, {"model": "auth.permission", "pk": 21, "fields": {"name": "Can add calendar", "content_type": 6, "codename": "add_calendar"}}, {"model": "auth.permission", "pk": 22, "fields": {"name": "Can change calendar", "content_type": 6, "codename": "change_calendar"}}, {"model": "auth.permission", "pk": 23, "fields": {"name": "Can delete calendar", "content_type": 6, "codename": "delete_calendar"}}, {"model": "auth.permission", "pk": 24, "fields": {"name": "Can view calendar", "content_type": 6, "codename": "view_calendar"}}, {"model": "auth.permission", "pk": 25, "fields": {"name": "Can add calendar relation", "content_type": 7, "codename": "add_calendarrelation"}}, {"model": "auth.permission", "pk": 26, "fields": {"name": "Can change calendar relation", "content_type": 7, "codename": "change_calendarrelation"}}, {"model": "auth.permission", "pk": 27, "fields": {"name": "Can delete calendar relation", "content_type": 7, "codename": "delete_calendarrelation"}}, {"model": "auth.permission", "pk": 28, "fields": {"name": "Can view calendar relation", "content_type": 7, "codename": "view_calendarrelation"}}, {"model": "auth.permission", "pk": 29, "fields": {"name": "Can add event", "content_type": 8, "codename": "add_event"}}, {"model": "auth.permission", "pk": 30, "fields": {"name": "Can change event", "content_type": 8, "codename": "change_event"}}, {"model": "auth.permission", "pk": 31, "fields": {"name": "Can delete event", "content_type": 8, "codename": "delete_event"}}, {"model": "auth.permission", "pk": 32, "fields": {"name": "Can view event", "content_type": 8, "codename": "view_event"}}, {"model": "auth.permission", "pk": 33, "fields": {"name": "Can add event relation", "content_type": 9, "codename": "add_eventrelation"}}, {"model": "auth.permission", "pk": 34, "fields": {"name": "Can change event relation", "content_type": 9, "codename": "change_eventrelation"}}, {"model": "auth.permission", "pk": 35, "fields": {"name": "Can delete event relation", "content_type": 9, "codename": "delete_eventrelation"}}, {"model": "auth.permission", "pk": 36, "fields": {"name": "Can view event relation", "content_type": 9, "codename": "view_eventrelation"}}, {"model": "auth.permission", "pk": 37, "fields": {"name": "Can add occurrence", "content_type": 10, "codename": "add_occurrence"}}, {"model": "auth.permission", "pk": 38, "fields": {"name": "Can change occurrence", "content_type": 10, "codename": "change_occurrence"}}, {"model": "auth.permission", "pk": 39, "fields": {"name": "Can delete occurrence", "content_type": 10, "codename": "delete_occurrence"}}, {"model": "auth.permission", "pk": 40, "fields": {"name": "Can view occurrence", "content_type": 10, "codename": "view_occurrence"}}, {"model": "auth.permission", "pk": 41, "fields": {"name": "Can add rule", "content_type": 11, "codename": "add_rule"}}, {"model": "auth.permission", "pk": 42, "fields": {"name": "Can change rule", "content_type": 11, "codename": "change_rule"}}, {"model": "auth.permission", "pk": 43, "fields": {"name": "Can delete rule", "content_type": 11, "codename": "delete_rule"}}, {"model": "auth.permission", "pk": 44, "fields": {"name": "Can view rule", "content_type": 11, "codename": "view_rule"}}, {"model": "auth.permission", "pk": 45, "fields": {"name": "Can add source", "content_type": 12, "codename": "add_source"}}, {"model": "auth.permission", "pk": 46, "fields": {"name": "Can change source", "content_type": 12, "codename": "change_source"}}, {"model": "auth.permission", "pk": 47, "fields": {"name": "Can delete source", "content_type": 12, "codename": "delete_source"}}, {"model": "auth.permission", "pk": 48, "fields": {"name": "Can view source", "content_type": 12, "codename": "view_source"}}, {"model": "auth.permission", "pk": 49, "fields": {"name": "Can add thumbnail", "content_type": 13, "codename": "add_thumbnail"}}, {"model": "auth.permission", "pk": 50, "fields": {"name": "Can change thumbnail", "content_type": 13, "codename": "change_thumbnail"}}, {"model": "auth.permission", "pk": 51, "fields": {"name": "Can delete thumbnail", "content_type": 13, "codename": "delete_thumbnail"}}, {"model": "auth.permission", "pk": 52, "fields": {"name": "Can view thumbnail", "content_type": 13, "codename": "view_thumbnail"}}, {"model": "auth.permission", "pk": 53, "fields": {"name": "Can add thumbnail dimensions", "content_type": 14, "codename": "add_thumbnaildimensions"}}, {"model": "auth.permission", "pk": 54, "fields": {"name": "Can change thumbnail dimensions", "content_type": 14, "codename": "change_thumbnaildimensions"}}, {"model": "auth.permission", "pk": 55, "fields": {"name": "Can delete thumbnail dimensions", "content_type": 14, "codename": "delete_thumbnaildimensions"}}, {"model": "auth.permission", "pk": 56, "fields": {"name": "Can view thumbnail dimensions", "content_type": 14, "codename": "view_thumbnaildimensions"}}, {"model": "auth.permission", "pk": 57, "fields": {"name": "Can add Пользователь", "content_type": 15, "codename": "add_user"}}, {"model": "auth.permission", "pk": 58, "fields": {"name": "Can change Пользователь", "content_type": 15, "codename": "change_user"}}, {"model": "auth.permission", "pk": 59, "fields": {"name": "Can delete Пользователь", "content_type": 15, "codename": "delete_user"}}, {"model": "auth.permission", "pk": 60, "fields": {"name": "Can view Пользователь", "content_type": 15, "codename": "view_user"}}, {"model": "auth.permission", "pk": 61, "fields": {"name": "Can add Работодатель", "content_type": 16, "codename": "add_employercompany"}}, {"model": "auth.permission", "pk": 62, "fields": {"name": "Can change Работодатель", "content_type": 16, "codename": "change_employercompany"}}, {"model": "auth.permission", "pk": 63, "fields": {"name": "Can delete Работодатель", "content_type": 16, "codename": "delete_employercompany"}}, {"model": "auth.permission", "pk": 64, "fields": {"name": "Can view Работодатель", "content_type": 16, "codename": "view_employercompany"}}, {"model": "auth.permission", "pk": 65, "fields": {"name": "Can add Вакансия", "content_type": 17, "codename": "add_vacancy"}}, {"model": "auth.permission", "pk": 66, "fields": {"name": "Can change Вакансия", "content_type": 17, "codename": "change_vacancy"}}, {"model": "auth.permission", "pk": 67, "fields": {"name": "Can delete Вакансия", "content_type": 17, "codename": "delete_vacancy"}}, {"model": "auth.permission", "pk": 68, "fields": {"name": "Can view Вакансия", "content_type": 17, "codename": "view_vacancy"}}, {"model": "auth.permission", "pk": 69, "fields": {"name": "Can add Филиал", "content_type": 18, "codename": "add_branch"}}, {"model": "auth.permission", "pk": 70, "fields": {"name": "Can change Филиал", "content_type": 18, "codename": "change_branch"}}, {"model": "auth.permission", "pk": 71, "fields": {"name": "Can delete Филиал", "content_type": 18, "codename": "delete_branch"}}, {"model": "auth.permission", "pk": 72, "fields": {"name": "Can view Филиал", "content_type": 18, "codename": "view_branch"}}, {"model": "auth.permission", "pk": 73, "fields": {"name": "Can add Отзыв филиала", "content_type": 19, "codename": "add_reviewbranch"}}, {"model": "auth.permission", "pk": 74, "fields": {"name": "Can change Отзыв филиала", "content_type": 19, "codename": "change_reviewbranch"}}, {"model": "auth.permission", "pk": 75, "fields": {"name": "Can delete Отзыв филиала", "content_type": 19, "codename": "delete_reviewbranch"}}, {"model": "auth.permission", "pk": 76, "fields": {"name": "Can view Отзыв филиала", "content_type": 19, "codename": "view_reviewbranch"}}, {"model": "auth.permission", "pk": 77, "fields": {"name": "Can add Рейтинг компании", "content_type": 20, "codename": "add_ratingemployercompany"}}, {"model": "auth.permission", "pk": 78, "fields": {"name": "Can change Рейтинг компании", "content_type": 20, "codename": "change_ratingemployercompany"}}, {"model": "auth.permission", "pk": 79, "fields": {"name": "Can delete Рейтинг компании", "content_type": 20, "codename": "delete_ratingemployercompany"}}, {"model": "auth.permission", "pk": 80, "fields": {"name": "Can view Рейтинг компании", "content_type": 20, "codename": "view_ratingemployercompany"}}, {"model": "auth.permission", "pk": 81, "fields": {"name": "Can add Позиция работника", "content_type": 21, "codename": "add_positionemployee"}}, {"model": "auth.permission", "pk": 82, "fields": {"name": "Can change Позиция работника", "content_type": 21, "codename": "change_positionemployee"}}, {"model": "auth.permission", "pk": 83, "fields": {"name": "Can delete Позиция работника", "content_type": 21, "codename": "delete_positionemployee"}}, {"model": "auth.permission", "pk": 84, "fields": {"name": "Can view Позиция работника", "content_type": 21, "codename": "view_positionemployee"}}, {"model": "auth.permission", "pk": 85, "fields": {"name": "Can add Обязанность работника", "content_type": 22, "codename": "add_dutyemployee"}}, {"model": "auth.permission", "pk": 86, "fields": {"name": "Can change Обязанность работника", "content_type": 22, "codename": "change_dutyemployee"}}, {"model": "auth.permission", "pk": 87, "fields": {"name": "Can delete Обязанность работника", "content_type": 22, "codename": "delete_dutyemployee"}}, {"model": "auth.permission", "pk": 88, "fields": {"name": "Can view Обязанность работника", "content_type": 22, "codename": "view_dutyemployee"}}, {"model": "auth.permission", "pk": 89, "fields": {"name": "Can add Форма одежды", "content_type": 23, "codename": "add_clothingform"}}, {"model": "auth.permission", "pk": 90, "fields": {"name": "Can change Форма одежды", "content_type": 23, "codename": "change_clothingform"}}, {"model": "auth.permission", "pk": 91, "fields": {"name": "Can delete Форма одежды", "content_type": 23, "codename": "delete_clothingform"}}, {"model": "auth.permission", "pk": 92, "fields": {"name": "Can view Форма одежды", "content_type": 23, "codename": "view_clothingform"}}, {"model": "auth.permission", "pk": 93, "fields": {"name": "Can add Город", "content_type": 24, "codename": "add_city"}}, {"model": "auth.permission", "pk": 94, "fields": {"name": "Can change Город", "content_type": 24, "codename": "change_city"}}, {"model": "auth.permission", "pk": 95, "fields": {"name": "Can delete Город", "content_type": 24, "codename": "delete_city"}}, {"model": "auth.permission", "pk": 96, "fields": {"name": "Can view Город", "content_type": 24, "codename": "view_city"}}, {"model": "auth.permission", "pk": 97, "fields": {"name": "Can add telegram user", "content_type": 25, "codename": "add_telegramuser"}}, {"model": "auth.permission", "pk": 98, "fields": {"name": "Can change telegram user", "content_type": 25, "codename": "change_telegramuser"}}, {"model": "auth.permission", "pk": 99, "fields": {"name": "Can delete telegram user", "content_type": 25, "codename": "delete_telegramuser"}}, {"model": "auth.permission", "pk": 100, "fields": {"name": "Can view telegram user", "content_type": 25, "codename": "view_telegramuser"}}, {"model": "auth.permission", "pk": 101, "fields": {"name": "Can add Настройки CRM", "content_type": 26, "codename": "add_sitesettings"}}, {"model": "auth.permission", "pk": 102, "fields": {"name": "Can change Настройки CRM", "content_type": 26, "codename": "change_sitesettings"}}, {"model": "auth.permission", "pk": 103, "fields": {"name": "Can delete Настройки CRM", "content_type": 26, "codename": "delete_sitesettings"}}, {"model": "auth.permission", "pk": 104, "fields": {"name": "Can view Настройки CRM", "content_type": 26, "codename": "view_sitesettings"}}, {"model": "auth.permission", "pk": 105, "fields": {"name": "Can add Лого сайта", "content_type": 27, "codename": "add_logo"}}, {"model": "auth.permission", "pk": 106, "fields": {"name": "Can change Лого сайта", "content_type": 27, "codename": "change_logo"}}, {"model": "auth.permission", "pk": 107, "fields": {"name": "Can delete Лого сайта", "content_type": 27, "codename": "delete_logo"}}, {"model": "auth.permission", "pk": 108, "fields": {"name": "Can view Лого сайта", "content_type": 27, "codename": "view_logo"}}, {"model": "auth.permission", "pk": 109, "fields": {"name": "Can add Информация внизу сайта", "content_type": 28, "codename": "add_footerlink"}}, {"model": "auth.permission", "pk": 110, "fields": {"name": "Can change Информация внизу сайта", "content_type": 28, "codename": "change_footerlink"}}, {"model": "auth.permission", "pk": 111, "fields": {"name": "Can delete Информация внизу сайта", "content_type": 28, "codename": "delete_footerlink"}}, {"model": "auth.permission", "pk": 112, "fields": {"name": "Can view Информация внизу сайта", "content_type": 28, "codename": "view_footerlink"}}, {"model": "auth.permission", "pk": 113, "fields": {"name": "Can add Token", "content_type": 29, "codename": "add_token"}}, {"model": "auth.permission", "pk": 114, "fields": {"name": "Can change Token", "content_type": 29, "codename": "change_token"}}, {"model": "auth.permission", "pk": 115, "fields": {"name": "Can delete Token", "content_type": 29, "codename": "delete_token"}}, {"model": "auth.permission", "pk": 116, "fields": {"name": "Can view Token", "content_type": 29, "codename": "view_token"}}, {"model": "auth.permission", "pk": 117, "fields": {"name": "Can add token", "content_type": 30, "codename": "add_tokenproxy"}}, {"model": "auth.permission", "pk": 118, "fields": {"name": "Can change token", "content_type": 30, "codename": "change_tokenproxy"}}, {"model": "auth.permission", "pk": 119, "fields": {"name": "Can delete token", "content_type": 30, "codename": "delete_tokenproxy"}}, {"model": "auth.permission", "pk": 120, "fields": {"name": "Can view token", "content_type": 30, "codename": "view_tokenproxy"}}, {"model": "auth.permission", "pk": 121, "fields": {"name": "Can add Город", "content_type": 31, "codename": "add_city"}}, {"model": "auth.permission", "pk": 122, "fields": {"name": "Can change Город", "content_type": 31, "codename": "change_city"}}, {"model": "auth.permission", "pk": 123, "fields": {"name": "Can delete Город", "content_type": 31, "codename": "delete_city"}}, {"model": "auth.permission", "pk": 124, "fields": {"name": "Can view Город", "content_type": 31, "codename": "view_city"}}, {"model": "auth.permission", "pk": 125, "fields": {"name": "Can add Профиль соискателя", "content_type": 32, "codename": "add_profile"}}, {"model": "auth.permission", "pk": 126, "fields": {"name": "Can change Профиль соискателя", "content_type": 32, "codename": "change_profile"}}, {"model": "auth.permission", "pk": 127, "fields": {"name": "Can delete Профиль соискателя", "content_type": 32, "codename": "delete_profile"}}, {"model": "auth.permission", "pk": 128, "fields": {"name": "Can view Профиль соискателя", "content_type": 32, "codename": "view_profile"}}, {"model": "auth.permission", "pk": 129, "fields": {"name": "Can add Отзыв", "content_type": 33, "codename": "add_review"}}, {"model": "auth.permission", "pk": 130, "fields": {"name": "Can change Отзыв", "content_type": 33, "codename": "change_review"}}, {"model": "auth.permission", "pk": 131, "fields": {"name": "Can delete Отзыв", "content_type": 33, "codename": "delete_review"}}, {"model": "auth.permission", "pk": 132, "fields": {"name": "Can view Отзыв", "content_type": 33, "codename": "view_review"}}, {"model": "auth.permission", "pk": 133, "fields": {"name": "Can add Опыт работы", "content_type": 34, "codename": "add_workexperience"}}, {"model": "auth.permission", "pk": 134, "fields": {"name": "Can change Опыт работы", "content_type": 34, "codename": "change_workexperience"}}, {"model": "auth.permission", "pk": 135, "fields": {"name": "Can delete Опыт работы", "content_type": 34, "codename": "delete_workexperience"}}, {"model": "auth.permission", "pk": 136, "fields": {"name": "Can view Опыт работы", "content_type": 34, "codename": "view_workexperience"}}, {"model": "auth.permission", "pk": 137, "fields": {"name": "Can add Рейтинг", "content_type": 35, "codename": "add_rating"}}, {"model": "auth.permission", "pk": 138, "fields": {"name": "Can change Рейтинг", "content_type": 35, "codename": "change_rating"}}, {"model": "auth.permission", "pk": 139, "fields": {"name": "Can delete Рейтинг", "content_type": 35, "codename": "delete_rating"}}, {"model": "auth.permission", "pk": 140, "fields": {"name": "Can view Рейтинг", "content_type": 35, "codename": "view_rating"}}, {"model": "auth.permission", "pk": 141, "fields": {"name": "Can add График работы", "content_type": 36, "codename": "add_workschedule"}}, {"model": "auth.permission", "pk": 142, "fields": {"name": "Can change График работы", "content_type": 36, "codename": "change_workschedule"}}, {"model": "auth.permission", "pk": 143, "fields": {"name": "Can delete График работы", "content_type": 36, "codename": "delete_workschedule"}}, {"model": "auth.permission", "pk": 144, "fields": {"name": "Can view График работы", "content_type": 36, "codename": "view_workschedule"}}, {"model": "contenttypes.contenttype", "pk": 1, "fields": {"app_label": "admin", "model": "logentry"}}, {"model": "contenttypes.contenttype", "pk": 2, "fields": {"app_label": "auth", "model": "permission"}}, {"model": "contenttypes.contenttype", "pk": 3, "fields": {"app_label": "auth", "model": "group"}}, {"model": "contenttypes.contenttype", "pk": 4, "fields": {"app_label": "contenttypes", "model": "contenttype"}}, {"model": "contenttypes.contenttype", "pk": 5, "fields": {"app_label": "sessions", "model": "session"}}, {"model": "contenttypes.contenttype", "pk": 6, "fields": {"app_label": "schedule", "model": "calendar"}}, {"model": "contenttypes.contenttype", "pk": 7, "fields": {"app_label": "schedule", "model": "calendarrelation"}}, {"model": "contenttypes.contenttype", "pk": 8, "fields": {"app_label": "schedule", "model": "event"}}, {"model": "contenttypes.contenttype", "pk": 9, "fields": {"app_label": "schedule", "model": "eventrelation"}}, {"model": "contenttypes.contenttype", "pk": 10, "fields": {"app_label": "schedule", "model": "occurrence"}}, {"model": "contenttypes.contenttype", "pk": 11, "fields": {"app_label": "schedule", "model": "rule"}}, {"model": "contenttypes.contenttype", "pk": 12, "fields": {"app_label": "easy_thumbnails", "model": "source"}}, {"model": "contenttypes.contenttype", "pk": 13, "fields": {"app_label": "easy_thumbnails", "model": "thumbnail"}}, {"model": "contenttypes.contenttype", "pk": 14, "fields": {"app_label": "easy_thumbnails", "model": "thumbnaildimensions"}}, {"model": "contenttypes.contenttype", "pk": 15, "fields": {"app_label": "accounts", "model": "user"}}, {"model": "contenttypes.contenttype", "pk": 16, "fields": {"app_label": "core", "model": "employercompany"}}, {"model": "contenttypes.contenttype", "pk": 17, "fields": {"app_label": "core", "model": "vacancy"}}, {"model": "contenttypes.contenttype", "pk": 18, "fields": {"app_label": "core", "model": "branch"}}, {"model": "contenttypes.contenttype", "pk": 19, "fields": {"app_label": "core", "model": "reviewbranch"}}, {"model": "contenttypes.contenttype", "pk": 20, "fields": {"app_label": "core", "model": "ratingemployercompany"}}, {"model": "contenttypes.contenttype", "pk": 21, "fields": {"app_label": "core", "model": "positionemployee"}}, {"model": "contenttypes.contenttype", "pk": 22, "fields": {"app_label": "core", "model": "dutyemployee"}}, {"model": "contenttypes.contenttype", "pk": 23, "fields": {"app_label": "core", "model": "clothingform"}}, {"model": "contenttypes.contenttype", "pk": 24, "fields": {"app_label": "core", "model": "city"}}, {"model": "contenttypes.contenttype", "pk": 25, "fields": {"app_label": "bot", "model": "telegramuser"}}, {"model": "contenttypes.contenttype", "pk": 26, "fields": {"app_label": "common", "model": "sitesettings"}}, {"model": "contenttypes.contenttype", "pk": 27, "fields": {"app_label": "common", "model": "logo"}}, {"model": "contenttypes.contenttype", "pk": 28, "fields": {"app_label": "common", "model": "footerlink"}}, {"model": "contenttypes.contenttype", "pk": 29, "fields": {"app_label": "authtoken", "model": "token"}}, {"model": "contenttypes.contenttype", "pk": 30, "fields": {"app_label": "authtoken", "model": "tokenproxy"}}, {"model": "contenttypes.contenttype", "pk": 31, "fields": {"app_label": "accounts", "model": "city"}}, {"model": "contenttypes.contenttype", "pk": 32, "fields": {"app_label": "accounts", "model": "profile"}}, {"model": "contenttypes.contenttype", "pk": 33, "fields": {"app_label": "accounts", "model": "review"}}, {"model": "contenttypes.contenttype", "pk": 34, "fields": {"app_label": "accounts", "model": "workexperience"}}, {"model": "contenttypes.contenttype", "pk": 35, "fields": {"app_label": "accounts", "model": "rating"}}, {"model": "contenttypes.contenttype", "pk": 36, "fields": {"app_label": "accounts", "model": "workschedule"}}, {"model": "sessions.session", "pk": "1ahmyxu3iuq1zpqvb2qajnlhbpf6840f", "fields": {"session_data": ".eJxVjEEOwiAQRe_C2hCqM1Bcuu8ZmgFmpGogKe3KeHfbpAvd_vfef6uR1iWPa-N5nJK6qk6dfrdA8cllB-lB5V51rGWZp6B3RR-06aEmft0O9-8gU8tbLZ6TF4c9MErHRqIY5ATBWwg9nsFGxwY9WOPI2iiYANDQBugi3qrPF_PhN8M:1rLcGY:YHuiGY_Hwpo3MK8paefMsqHVWIT7bE2Ml6d708Pz40s", "expire_date": "2024-01-19T04:57:06.498Z"}}, {"model": "sessions.session", "pk": "39pxnctj143pc4r0slztk42minmll0df", "fields": {"session_data": ".eJxVjEEOwiAQRe_C2hCqM1Bcuu8ZmgFmpGogKe3KeHfbpAvd_vfef6uR1iWPa-N5nJK6qk6dfrdA8cllB-lB5V51rGWZp6B3RR-06aEmft0O9-8gU8tbLZ6TF4c9MErHRqIY5ATBWwg9nsFGxwY9WOPI2iiYANDQBugi3qrPF_PhN8M:1rPGeM:Duoy5IVHjAJkb-V_BgQJnP8PhBiJTZazglsjuzAJwMw", "expire_date": "2024-01-29T06:40:46.617Z"}}, {"model": "sessions.session", "pk": "ia4uajd6atkxvxpbpylwhpgn3bod7oic", "fields": {"session_data": ".eJxVjEEOwiAQRe_C2hCqM1Bcuu8ZmgFmpGogKe3KeHfbpAvd_vfef6uR1iWPa-N5nJK6qk6dfrdA8cllB-lB5V51rGWZp6B3RR-06aEmft0O9-8gU8tbLZ6TF4c9MErHRqIY5ATBWwg9nsFGxwY9WOPI2iiYANDQBugi3qrPF_PhN8M:1rN7Rq:J77YaEjJuNjv9BjB9utWVx-Jb9Tt4_7V0x3P4va2UmA", "expire_date": "2024-01-23T08:26:58.427Z"}}, {"model": "sessions.session", "pk": "lti1qx3bbl4px5xid0sv3j2b0udomu2j", "fields": {"session_data": ".eJxVjEEOwiAQRe_C2hCqM1Bcuu8ZmgFmpGogKe3KeHfbpAvd_vfef6uR1iWPa-N5nJK6qk6dfrdA8cllB-lB5V51rGWZp6B3RR-06aEmft0O9-8gU8tbLZ6TF4c9MErHRqIY5ATBWwg9nsFGxwY9WOPI2iiYANDQBugi3qrPF_PhN8M:1rLKtz:vaL3VFwVUiA87MEHb8DMkh0j2oCJ5s8NMRo4ob4svyI", "expire_date": "2024-01-18T10:24:39.416Z"}}, {"model": "sessions.session", "pk": "nvqtp4x02skololhtg2ty3rce37kwzc1", "fields": {"session_data": ".eJxVjEEOwiAQRe_C2hCqM1Bcuu8ZmgFmpGogKe3KeHfbpAvd_vfef6uR1iWPa-N5nJK6qk6dfrdA8cllB-lB5V51rGWZp6B3RR-06aEmft0O9-8gU8tbLZ6TF4c9MErHRqIY5ATBWwg9nsFGxwY9WOPI2iiYANDQBugi3qrPF_PhN8M:1rN47x:rAGIy--QhMgaIAMrVnUBCjBKu8Gm47fAjDBp8NXEx4Y", "expire_date": "2024-01-23T04:54:13.446Z"}}, {"model": "sessions.session", "pk": "sq6ut53u1kj53jdqvwlklmcdg95c3pdr", "fields": {"session_data": ".eJxVjEEOwiAQRe_C2hCqM1Bcuu8ZmgFmpGogKe3KeHfbpAvd_vfef6uR1iWPa-N5nJK6qk6dfrdA8cllB-lB5V51rGWZp6B3RR-06aEmft0O9-8gU8tbLZ6TF4c9MErHRqIY5ATBWwg9nsFGxwY9WOPI2iiYANDQBugi3qrPF_PhN8M:1rOGag:Lb7QlX89hlYRC0jhdGlwvlm5JfTs661VwmKnIc_6B_8", "expire_date": "2024-01-26T12:24:50.151Z"}}, {"model": "sessions.session", "pk": "u13kyj8qs1jayt4x85d31hyd4s3cokna", "fields": {"session_data": ".eJxVjEEOwiAQRe_C2hCqM1Bcuu8ZmgFmpGogKe3KeHfbpAvd_vfef6uR1iWPa-N5nJK6qk6dfrdA8cllB-lB5V51rGWZp6B3RR-06aEmft0O9-8gU8tbLZ6TF4c9MErHRqIY5ATBWwg9nsFGxwY9WOPI2iiYANDQBugi3qrPF_PhN8M:1rN8b4:7LWwDHJkanG3MQ8tZ80TMAQUVEl-VvAW_TXCtNHVpTs", "expire_date": "2024-01-23T09:40:34.440Z"}}, {"model": "accounts.user", "pk": 1, "fields": {"password": "pbkdf2_sha256$260000$9kyStuJEUT9H8W4OycFgBo$4qJ/qDtRzYkmQY4pJpXCMbi/GJ0yRr3aFW2OXxepA20=", "last_login": "2024-01-15T06:40:46.615Z", "email": "admin@mail.ru", "phone": "", "role": "is_employer", "is_staff": true, "is_superuser": true, "is_active": true, "is_delete": false, "is_verified_email": false, "verification_code": null, "verification_code_created_at": null, "registered_at": "2024-01-04T07:48:59.806Z", "updated_at": "2024-01-08T04:03:02.327Z", "groups": [], "user_permissions": []}}, {"model": "accounts.user", "pk": 2, "fields": {"password": "pbkdf2_sha256$260000$nRQcgGE82n0c3l7OJZoj6A$F1UQDyAb6xfthsaxh13u+9rczVwjhiDkoJ+sFbJwHKA=", "last_login": null, "email": "ruslan@gmail.com", "phone": "", "role": "is_employer", "is_staff": false, "is_superuser": false, "is_active": true, "is_delete": false, "is_verified_email": true, "verification_code": null, "verification_code_created_at": "2024-01-04T10:24:06.308Z", "registered_at": "2024-01-04T10:24:06.306Z", "updated_at": "2024-01-04T10:27:09.620Z", "groups": [], "user_permissions": []}}, {"model": "accounts.user", "pk": 3, "fields": {"password": "pbkdf2_sha256$260000$WpLbiofNvUTTPPifsxt6Qz$hBHfkqJBLiOEDmRmmfLIEOYhxzVLalLSLMQ90+3QnuU=", "last_login": null, "email": "123@gmail.com", "phone": "", "role": "is_employee", "is_staff": false, "is_superuser": false, "is_active": true, "is_delete": false, "is_verified_email": true, "verification_code": null, "verification_code_created_at": "2024-01-08T02:20:51.748Z", "registered_at": "2024-01-08T02:20:51.747Z", "updated_at": "2024-01-17T05:39:09.521Z", "groups": [], "user_permissions": []}}, {"model": "accounts.user", "pk": 4, "fields": {"password": "pbkdf2_sha256$260000$jFWBmLKM1QFF84l8cuZHcL$Wc2J6pn8yV9APxm42AmR7kfcUgTGKwFbx2oJppvZaAk=", "last_login": null, "email": "test@gmail.com", "phone": "", "role": "is_employer", "is_staff": false, "is_superuser": false, "is_active": true, "is_delete": false, "is_verified_email": true, "verification_code": null, "verification_code_created_at": "2024-01-08T02:22:15.320Z", "registered_at": "2024-01-08T02:22:15.318Z", "updated_at": "2024-01-08T04:03:02.337Z", "groups": [], "user_permissions": []}}, {"model": "accounts.user", "pk": 5, "fields": {"password": "pbkdf2_sha256$260000$bqIcZogPAzoGJ04tBVPbrM$EU7QFb9eUF1GPW37I1NwEqbG2Tc7E2gqFAUPiNp+jzc=", "last_login": null, "email": "Dje@gshd.ru", "phone": "", "role": "is_employee", "is_staff": false, "is_superuser": false, "is_active": true, "is_delete": false, "is_verified_email": true, "verification_code": null, "verification_code_created_at": "2024-01-08T02:23:31.102Z", "registered_at": "2024-01-08T02:23:31.100Z", "updated_at": "2024-01-08T04:03:02.340Z", "groups": [], "user_permissions": []}}, {"model": "accounts.user", "pk": 6, "fields": {"password": "pbkdf2_sha256$260000$WqQbZbOUCvedyK7skTHmiY$nkpqztXwknIEOmFMdb2jGL0VvdLrXwvzXGHHyRbPeWY=", "last_login": null, "email": "Dhjdjd@djd.ru", "phone": "", "role": "is_employer", "is_staff": false, "is_superuser": false, "is_active": true, "is_delete": false, "is_verified_email": true, "verification_code": null, "verification_code_created_at": "2024-01-08T02:29:40.410Z", "registered_at": "2024-01-08T02:29:40.408Z", "updated_at": "2024-01-08T02:32:17.461Z", "groups": [], "user_permissions": []}}, {"model": "accounts.user", "pk": 7, "fields": {"password": "pbkdf2_sha256$260000$YCSR1eHElE1bPsk3D7lZhE$vjfUqkLhXUOMGLS/wdtCfXyHM2SKFmMRFTsaKhWbRng=", "last_login": null, "email": "test2@gmail.com", "phone": "", "role": "is_employee", "is_staff": false, "is_superuser": false, "is_active": true, "is_delete": false, "is_verified_email": true, "verification_code": null, "verification_code_created_at": "2024-01-08T03:01:31.749Z", "registered_at": "2024-01-08T03:01:31.747Z", "updated_at": "2024-01-08T04:03:02.343Z", "groups": [], "user_permissions": []}}, {"model": "accounts.user", "pk": 8, "fields": {"password": "pbkdf2_sha256$260000$h89uxNhLPUaY1A0wnG3mng$yqv9RwrgKVXrg665sgIN1xDzBjWHLyVr+G+dtl77BIY=", "last_login": null, "email": "ewrgb@gmail.com", "phone": "", "role": "is_employee", "is_staff": false, "is_superuser": false, "is_active": true, "is_delete": false, "is_verified_email": true, "verification_code": null, "verification_code_created_at": "2024-01-08T03:07:21.723Z", "registered_at": "2024-01-08T03:07:21.722Z", "updated_at": "2024-01-08T04:03:02.346Z", "groups": [], "user_permissions": []}}, {"model": "accounts.user", "pk": 9, "fields": {"password": "pbkdf2_sha256$260000$cMy91G1mZBoft4aRYCYYjW$2Ua07W+R3NFwK+RbehHKR+KApNQBq7EMsoIweix+MHo=", "last_login": null, "email": "ewfgd@gmail.com", "phone": "", "role": "is_employee", "is_staff": false, "is_superuser": false, "is_active": true, "is_delete": false, "is_verified_email": true, "verification_code": null, "verification_code_created_at": "2024-01-08T03:10:32.150Z", "registered_at": "2024-01-08T03:10:32.142Z", "updated_at": "2024-01-08T04:03:02.350Z", "groups": [], "user_permissions": []}}, {"model": "accounts.user", "pk": 10, "fields": {"password": "pbkdf2_sha256$260000$00CadxlqcJSlBsxejgJhf2$nAGLcQU0CFlK3m4r2Ct5UOGG+Ek9h8BShuxt7DDROzo=", "last_login": null, "email": "wefsgb@fsef.ru", "phone": "", "role": "is_employee", "is_staff": false, "is_superuser": false, "is_active": true, "is_delete": false, "is_verified_email": true, "verification_code": null, "verification_code_created_at": "2024-01-08T03:12:14.085Z", "registered_at": "2024-01-08T03:12:14.081Z", "updated_at": "2024-01-08T04:03:02.354Z", "groups": [], "user_permissions": []}}, {"model": "accounts.user", "pk": 11, "fields": {"password": "pbkdf2_sha256$260000$TaPbPru6wdw6d7ImKfMDaN$U+nKQu4Go3hVNklfPTbTb888Y1VDQpGat6dy2EKYQc8=", "last_login": null, "email": "defdgb@gmail.com", "phone": "", "role": "is_employer", "is_staff": false, "is_superuser": false, "is_active": true, "is_delete": false, "is_verified_email": true, "verification_code": null, "verification_code_created_at": "2024-01-08T03:14:14.393Z", "registered_at": "2024-01-08T03:14:14.385Z", "updated_at": "2024-01-08T03:30:59.429Z", "groups": [], "user_permissions": []}}, {"model": "accounts.user", "pk": 12, "fields": {"password": "pbkdf2_sha256$260000$aukfd3q4ngODhEUmTE24Yd$//YmFElMQmljVFk1O9WOY9iP1/zA4oUQc0ofRp+UrX0=", "last_login": null, "email": "ewgrf@gmail.com", "phone": "", "role": "", "is_staff": false, "is_superuser": false, "is_active": true, "is_delete": false, "is_verified_email": true, "verification_code": null, "verification_code_created_at": "2024-01-08T04:37:30.336Z", "registered_at": "2024-01-08T04:37:30.334Z", "updated_at": "2024-01-08T04:38:06.246Z", "groups": [], "user_permissions": []}}, {"model": "accounts.user", "pk": 13, "fields": {"password": "pbkdf2_sha256$260000$jLBAHQ4ke7yo68GJs3geZz$JF/D4PMHLYj2I7D4ncQPOl7IOoNieI5i5jfp8NQL6bk=", "last_login": null, "email": "wer@gmail.com", "phone": "", "role": "", "is_staff": false, "is_superuser": false, "is_active": true, "is_delete": false, "is_verified_email": true, "verification_code": null, "verification_code_created_at": "2024-01-08T04:47:33.310Z", "registered_at": "2024-01-08T04:47:33.309Z", "updated_at": "2024-01-08T04:47:59.898Z", "groups": [], "user_permissions": []}}, {"model": "accounts.user", "pk": 14, "fields": {"password": "", "last_login": null, "email": "user@example.com", "phone": "", "role": "is_employer", "is_staff": false, "is_superuser": false, "is_active": false, "is_delete": false, "is_verified_email": false, "verification_code": "18168", "verification_code_created_at": "2024-01-08T05:42:00.358Z", "registered_at": "2024-01-08T05:42:00.356Z", "updated_at": "2024-01-08T05:42:00.358Z", "groups": [], "user_permissions": []}}, {"model": "accounts.user", "pk": 15, "fields": {"password": "pbkdf2_sha256$260000$VAlP7UADG21iScTQMn4N85$5K+2EJZ25MPWPTHb51EPHLfRyDFXt8EBqT8L7Axd4Dw=", "last_login": null, "email": "wertyrhy@gmail.com", "phone": "", "role": "is_employer", "is_staff": false, "is_superuser": false, "is_active": true, "is_delete": false, "is_verified_email": true, "verification_code": null, "verification_code_created_at": "2024-01-08T07:30:35.833Z", "registered_at": "2024-01-08T07:30:35.831Z", "updated_at": "2024-01-08T07:31:13.897Z", "groups": [], "user_permissions": []}}, {"model": "accounts.user", "pk": 16, "fields": {"password": "pbkdf2_sha256$260000$74nXy6BvhVxVzdEor5xZ6O$FSFojqfp/Zme/tnq5xIeWp0jedaAhDh5nzFonkVasK4=", "last_login": null, "email": "wefgkf@gmail.com", "phone": "", "role": "is_employee", "is_staff": false, "is_superuser": false, "is_active": true, "is_delete": false, "is_verified_email": true, "verification_code": null, "verification_code_created_at": "2024-01-08T07:42:33.754Z", "registered_at": "2024-01-08T07:42:33.753Z", "updated_at": "2024-01-08T07:43:10.537Z", "groups": [], "user_permissions": []}}, {"model": "accounts.user", "pk": 17, "fields": {"password": "pbkdf2_sha256$260000$NPeMax3onn393wWFFbhoYD$z+lUj6XFQZgRQNgUnZKpUxanAfy9cFRy7DcCm5CkOZw=", "last_login": null, "email": "qwerwteg@gmail.com", "phone": "", "role": "is_employer", "is_staff": false, "is_superuser": false, "is_active": true, "is_delete": false, "is_verified_email": true, "verification_code": null, "verification_code_created_at": "2024-01-08T07:44:35.972Z", "registered_at": "2024-01-08T07:44:35.971Z", "updated_at": "2024-01-08T07:44:53.850Z", "groups": [], "user_permissions": []}}, {"model": "accounts.user", "pk": 19, "fields": {"password": "pbkdf2_sha256$260000$xoidoB4F4KAiTTaSJiimQl$ZDQpFPmuANb+a64cCyrQ9YyCITkm12nnE5+fZcPeCX4=", "last_login": "2024-01-09T08:50:52Z", "email": "devxwc@gmail.com", "phone": "+996 552 220 790", "role": "is_employee", "is_staff": false, "is_superuser": false, "is_active": true, "is_delete": false, "is_verified_email": true, "verification_code": null, "verification_code_created_at": null, "registered_at": "2024-01-09T08:49:34.642Z", "updated_at": "2024-01-09T08:50:57.256Z", "groups": [], "user_permissions": []}}, {"model": "accounts.user", "pk": 21, "fields": {"password": "", "last_login": null, "email": "eelturan2@gmail.com", "phone": "", "role": "is_employer", "is_staff": false, "is_superuser": false, "is_active": false, "is_delete": false, "is_verified_email": false, "verification_code": "96692", "verification_code_created_at": "2024-01-09T09:04:30.368Z", "registered_at": "2024-01-09T08:55:20.187Z", "updated_at": "2024-01-09T09:04:30.369Z", "groups": [], "user_permissions": []}}, {"model": "accounts.user", "pk": 24, "fields": {"password": "pbkdf2_sha256$260000$XenWwFHkLsdXn7cH9VHNpz$idex3YpMWTMcmcx8R/IFvF6ytP0DXTq/1OkdiZe8LNM=", "last_login": null, "email": "kairat.talant.2001@gmail.com", "phone": "", "role": "is_employee", "is_staff": false, "is_superuser": false, "is_active": true, "is_delete": false, "is_verified_email": false, "verification_code": "99297", "verification_code_created_at": "2024-01-09T09:44:05.732Z", "registered_at": "2024-01-09T09:38:50.151Z", "updated_at": "2024-01-09T09:44:05.733Z", "groups": [], "user_permissions": []}}, {"model": "accounts.user", "pk": 25, "fields": {"password": "pbkdf2_sha256$260000$YhDiwOQZG6sJcxbyGGBpQC$kZeYjGHhPD9gMqxBHUWCWNQOreSsS7h+yezyZHbFOgM=", "last_login": null, "email": "borzenko605@gmail.com", "phone": "", "role": "is_employer", "is_staff": false, "is_superuser": false, "is_active": true, "is_delete": false, "is_verified_email": true, "verification_code": null, "verification_code_created_at": "2024-01-09T09:53:13.367Z", "registered_at": "2024-01-09T09:53:13.362Z", "updated_at": "2024-01-09T09:55:18.531Z", "groups": [], "user_permissions": []}}, {"model": "accounts.user", "pk": 26, "fields": {"password": "pbkdf2_sha256$260000$XWq8inIzrjI7zfloel8qqx$7c1RjHFxpv/pjf1U1+z/dytLuevNweC0xegDKrO8D0Y=", "last_login": null, "email": "Ruslantest@gmail.com", "phone": "", "role": "is_employer", "is_staff": false, "is_superuser": false, "is_active": true, "is_delete": false, "is_verified_email": true, "verification_code": null, "verification_code_created_at": "2024-01-10T08:12:53.309Z", "registered_at": "2024-01-10T08:12:53.307Z", "updated_at": "2024-01-10T08:14:33.821Z", "groups": [], "user_permissions": []}}, {"model": "accounts.user", "pk": 27, "fields": {"password": "pbkdf2_sha256$260000$jmonGDmhph9KdMdlLyneCh$qoUoehn0cVZqezSV23QfziH2mHUZNiNzkKAECYgqY5E=", "last_login": null, "email": "test@mail.ru", "phone": "", "role": "is_employer", "is_staff": false, "is_superuser": false, "is_active": true, "is_delete": false, "is_verified_email": true, "verification_code": null, "verification_code_created_at": "2024-01-10T08:27:02.873Z", "registered_at": "2024-01-10T08:27:02.870Z", "updated_at": "2024-01-10T08:27:45.494Z", "groups": [], "user_permissions": []}}, {"model": "accounts.user", "pk": 28, "fields": {"password": "pbkdf2_sha256$260000$X1f0Rv5aChgA1CsiSXWUsE$yzw47xNIb6u6RhGgPygKlf2zEHsJ6M569XAmPvDkTSs=", "last_login": null, "email": "test2@mail.ru", "phone": "", "role": "is_employer", "is_staff": false, "is_superuser": false, "is_active": true, "is_delete": false, "is_verified_email": true, "verification_code": null, "verification_code_created_at": "2024-01-10T08:29:28.283Z", "registered_at": "2024-01-10T08:29:28.280Z", "updated_at": "2024-01-10T08:29:49.628Z", "groups": [], "user_permissions": []}}, {"model": "accounts.user", "pk": 29, "fields": {"password": "pbkdf2_sha256$260000$mMiP08mmZemK8iiTkuDg7A$zthFQ0HLv3CAFnt/W5zoqPKX/xE5+zYFvlMXBRAQ2b0=", "last_login": null, "email": "wegfweg@gmail.com", "phone": "", "role": "is_employer", "is_staff": false, "is_superuser": false, "is_active": true, "is_delete": false, "is_verified_email": true, "verification_code": null, "verification_code_created_at": "2024-01-10T09:19:47.513Z", "registered_at": "2024-01-10T09:19:47.511Z", "updated_at": "2024-01-10T09:20:40.309Z", "groups": [], "user_permissions": []}}, {"model": "accounts.user", "pk": 30, "fields": {"password": "pbkdf2_sha256$260000$eB70Ksv9SyGoRSmrEoq9vJ$RZ7WhrvtG8KdnkWCaVSm/dYq7nG9WoJGQbuZnN9JPs0=", "last_login": null, "email": "Dksks@gjs.ru", "phone": "", "role": "is_employer", "is_staff": false, "is_superuser": false, "is_active": true, "is_delete": false, "is_verified_email": true, "verification_code": null, "verification_code_created_at": "2024-01-10T09:27:04.952Z", "registered_at": "2024-01-10T09:27:04.951Z", "updated_at": "2024-01-10T09:27:26.525Z", "groups": [], "user_permissions": []}}, {"model": "accounts.user", "pk": 31, "fields": {"password": "pbkdf2_sha256$260000$iFaq0Y05EVWMc6j3bKXqcS$KqIlXr7mia8zX8BPqEvbP5bsK0OKWzIiLA5zdwnTL7M=", "last_login": null, "email": "Dhdjdjd@hshs.ri", "phone": "", "role": "is_employer", "is_staff": false, "is_superuser": false, "is_active": true, "is_delete": false, "is_verified_email": true, "verification_code": null, "verification_code_created_at": "2024-01-10T09:38:54.963Z", "registered_at": "2024-01-10T09:38:54.961Z", "updated_at": "2024-01-10T09:39:18.422Z", "groups": [], "user_permissions": []}}, {"model": "accounts.user", "pk": 32, "fields": {"password": "pbkdf2_sha256$260000$56Ainseft1F5hsjKSiCX8e$l/YmBT2Gvg8YLEvP7i8d/oXb6tp5/f2bES1XnJ7TEz4=", "last_login": null, "email": "Cvh@hyh.hi", "phone": "", "role": "is_employer", "is_staff": false, "is_superuser": false, "is_active": true, "is_delete": false, "is_verified_email": true, "verification_code": null, "verification_code_created_at": "2024-01-10T09:44:30.275Z", "registered_at": "2024-01-10T09:44:30.274Z", "updated_at": "2024-01-10T09:44:59.537Z", "groups": [], "user_permissions": []}}, {"model": "accounts.user", "pk": 33, "fields": {"password": "pbkdf2_sha256$260000$aFegBs2CeatpltSRy7vfXr$zDgmIwStoP81dHYZ8jInuumHSLkKN2yhlKvNwXlFmuY=", "last_login": null, "email": "Sksksk@sjsk.ri", "phone": "", "role": "is_employer", "is_staff": false, "is_superuser": false, "is_active": true, "is_delete": false, "is_verified_email": true, "verification_code": null, "verification_code_created_at": "2024-01-10T09:48:06.224Z", "registered_at": "2024-01-10T09:48:06.222Z", "updated_at": "2024-01-10T09:48:26.461Z", "groups": [], "user_permissions": []}}, {"model": "accounts.user", "pk": 34, "fields": {"password": "pbkdf2_sha256$260000$r19GOQXUa4gpDc1hoztAUI$f+BZTh632gqieke/ygLj5jG271uN4JvExi1gY05PPqs=", "last_login": null, "email": "employee@gmail.com", "phone": "", "role": "is_employee", "is_staff": false, "is_superuser": false, "is_active": true, "is_delete": false, "is_verified_email": true, "verification_code": null, "verification_code_created_at": "2024-01-15T11:02:57.348Z", "registered_at": "2024-01-15T10:59:18.876Z", "updated_at": "2024-01-15T11:03:25.302Z", "groups": [], "user_permissions": []}}, {"model": "accounts.user", "pk": 35, "fields": {"password": "pbkdf2_sha256$260000$fAp4xDcpEqbiBg0xP3B9hT$9/jV5MrvIRWLQqoCB1+PB+NuioPbkhQE1sHVAFY9B1k=", "last_login": null, "email": "kalmanbetovnurislam19@gmail.com", "phone": "", "role": "is_employee", "is_staff": false, "is_superuser": false, "is_active": true, "is_delete": false, "is_verified_email": true, "verification_code": null, "verification_code_created_at": "2024-01-16T11:05:49.869Z", "registered_at": "2024-01-16T11:05:49.866Z", "updated_at": "2024-01-16T11:29:40.549Z", "groups": [], "user_permissions": []}}, {"model": "accounts.user", "pk": 36, "fields": {"password": "pbkdf2_sha256$260000$b0ISXkEbrRt6blgaDFHWAi$7PQ02ey9kFwXjLhVMauKfUFqMeqT2ady3Y3zO2IdSy8=", "last_login": null, "email": "test_employee@gmail.com", "phone": "", "role": "is_employee", "is_staff": false, "is_superuser": false, "is_active": true, "is_delete": false, "is_verified_email": true, "verification_code": null, "verification_code_created_at": "2024-01-17T02:38:33.639Z", "registered_at": "2024-01-17T02:38:33.637Z", "updated_at": "2024-01-17T02:39:14.450Z", "groups": [], "user_permissions": []}}, {"model": "accounts.user", "pk": 37, "fields": {"password": "pbkdf2_sha256$260000$AXXXe8DyY5Ff5dIaK6zDm6$NGJFxGm6N+HUdwA6xs47os/VuIjgQ1/uONAmOdmkqi8=", "last_login": null, "email": "knbhjb@gmail.com", "phone": "", "role": "is_employee", "is_staff": false, "is_superuser": false, "is_active": true, "is_delete": false, "is_verified_email": true, "verification_code": null, "verification_code_created_at": "2024-01-17T02:39:59.624Z", "registered_at": "2024-01-17T02:39:59.622Z", "updated_at": "2024-01-17T02:40:22.214Z", "groups": [], "user_permissions": []}}, {"model": "accounts.user", "pk": 38, "fields": {"password": "pbkdf2_sha256$260000$9WXdFvH6rtApqJmotEBkOx$TPF1Cr2r6p3/4eKNYyDPoHuXpxrlMvCRSnTCS4z4V6c=", "last_login": null, "email": "23t45tr@gmail.com", "phone": "", "role": "is_employee", "is_staff": false, "is_superuser": false, "is_active": true, "is_delete": false, "is_verified_email": true, "verification_code": null, "verification_code_created_at": "2024-01-17T02:43:34.707Z", "registered_at": "2024-01-17T02:43:34.706Z", "updated_at": "2024-01-17T02:43:56.805Z", "groups": [], "user_permissions": []}}, {"model": "accounts.user", "pk": 39, "fields": {"password": "pbkdf2_sha256$260000$o3ridGPvgANl2AHiqOfPOL$FcNDepDMkAzyhRHtjxssMa4BIxeuIxkZilSTI1pluME=", "last_login": null, "email": "pjibh@gmail.com", "phone": "", "role": "is_employer", "is_staff": false, "is_superuser": false, "is_active": true, "is_delete": false, "is_verified_email": true, "verification_code": null, "verification_code_created_at": "2024-01-17T02:44:34.968Z", "registered_at": "2024-01-17T02:44:34.966Z", "updated_at": "2024-01-17T02:44:55.635Z", "groups": [], "user_permissions": []}}, {"model": "accounts.user", "pk": 40, "fields": {"password": "pbkdf2_sha256$260000$rfldxAvNuYCoUPoFRyKWTO$FycHyQ6rvfMlz0No4gj1hpaTONENwD/4pm8L6I60XC8=", "last_login": null, "email": "llkjbhvb@gmail.com", "phone": "", "role": "is_employee", "is_staff": false, "is_superuser": false, "is_active": true, "is_delete": false, "is_verified_email": true, "verification_code": null, "verification_code_created_at": "2024-01-17T02:47:22.828Z", "registered_at": "2024-01-17T02:47:22.826Z", "updated_at": "2024-01-17T02:47:40.437Z", "groups": [], "user_permissions": []}}, {"model": "accounts.user", "pk": 41, "fields": {"password": "pbkdf2_sha256$260000$a9ApMQhkzYwp0YUMnVJM6b$jOIQZwpJ6FIKZoa4i5MMJ7OmK1G8/ABwYMjCIAzhJNM=", "last_login": null, "email": "kjjhg@gmail.com", "phone": "", "role": "is_employer", "is_staff": false, "is_superuser": false, "is_active": true, "is_delete": false, "is_verified_email": true, "verification_code": null, "verification_code_created_at": "2024-01-17T02:48:10.547Z", "registered_at": "2024-01-17T02:48:10.544Z", "updated_at": "2024-01-17T02:48:38.727Z", "groups": [], "user_permissions": []}}, {"model": "accounts.profile", "pk": 3, "fields": {"first_name": "Айдин", "midlle_name": "Талантович", "last_name": "Укиев", "user": 19, "profile_photo": "documents/profile_None/myphoto_Cx1RlA6.jpg", "gender": "Мужской", "nationality": "Кыргызстан", "date_of_birth": "2004-02-12", "inn": "", "phone": "+996 552 220 790", "language": "Кыргызский", "language_level": "C1", "whatsapp_phone_number": "+996 552 220 790"}}, {"model": "accounts.profile", "pk": 4, "fields": {"first_name": "23", "midlle_name": "", "last_name": "23", "user": 35, "profile_photo": "", "gender": "", "nationality": "", "date_of_birth": null, "inn": "", "phone": null, "language": "", "language_level": "", "whatsapp_phone_number": ""}}, {"model": "accounts.profile", "pk": 5, "fields": {"first_name": "123", "midlle_name": "", "last_name": "123", "user": 3, "profile_photo": "", "gender": "", "nationality": "", "date_of_birth": "2024-01-09", "inn": "", "phone": null, "language": "", "language_level": "", "whatsapp_phone_number": ""}}, {"model": "core.employercompany", "pk": 1, "fields": {"first_name": "Ruslan", "last_name": "Borzenko", "icon": "", "user": 2, "name": "1234", "iin": "1w32enn", "description": "Bjjjj"}}, {"model": "core.employercompany", "pk": 2, "fields": {"first_name": "Ruslan", "last_name": "bor", "icon": "", "user": 11, "name": "wefewf", "iin": "1234sfd", "description": "123123"}}, {"model": "core.employercompany", "pk": 3, "fields": {"first_name": "11", "last_name": "11", "icon": "", "user": 1, "name": "1", "iin": "", "description": ""}}, {"model": "core.employercompany", "pk": 4, "fields": {"first_name": "Borzenko", "last_name": "Ruslan", "icon": "", "user": 17, "name": "Itref", "iin": "", "description": ""}}, {"model": "core.employercompany", "pk": 5, "fields": {"first_name": "Teat", "last_name": "Test", "icon": "", "user": 25, "name": "Teat", "iin": "undefined", "description": "undefined"}}, {"model": "core.employercompany", "pk": 6, "fields": {"first_name": "Ruslan", "last_name": "Borzenko", "icon": "", "user": 26, "name": "Iwex", "iin": "undefined", "description": "undefined"}}, {"model": "core.employercompany", "pk": 7, "fields": {"first_name": "Name", "last_name": "Family", "icon": "", "user": 27, "name": "Test company", "iin": "12345", "description": "Description"}}, {"model": "core.employercompany", "pk": 8, "fields": {"first_name": "Name", "last_name": "Family", "icon": "", "user": 28, "name": "Name company", "iin": "123", "description": "Description"}}, {"model": "core.employercompany", "pk": 9, "fields": {"first_name": "ruslan", "last_name": "borzenko", "icon": "", "user": 29, "name": "wqef", "iin": "undefined", "description": "undefined"}}, {"model": "core.employercompany", "pk": 10, "fields": {"first_name": "Name", "last_name": "Family", "icon": "", "user": 30, "name": "Name company", "iin": "123", "description": "Description"}}, {"model": "core.employercompany", "pk": 11, "fields": {"first_name": "Namehh", "last_name": "Faye", "icon": "", "user": 31, "name": "Name company", "iin": "123", "description": "Description"}}, {"model": "core.employercompany", "pk": 12, "fields": {"first_name": "Hhj", "last_name": "Hhj", "icon": "", "user": 32, "name": "Hh", "iin": "undefined", "description": "undefined"}}, {"model": "core.employercompany", "pk": 13, "fields": {"first_name": "Ruslan", "last_name": "Borzenko", "icon": "", "user": 33, "name": "Itref", "iin": "undefined", "description": "undefined"}}, {"model": "core.employercompany", "pk": 14, "fields": {"first_name": "'l;kjbh", "last_name": "jkhjv", "icon": "", "user": 39, "name": ";mn", "iin": "", "description": ""}}, {"model": "core.city", "pk": 1, "fields": {"name": "Bishkek"}}, {"model": "core.city", "pk": 2, "fields": {"name": "Таллин"}}, {"model": "core.city", "pk": 3, "fields": {"name": "Пярну"}}, {"model": "core.city", "pk": 5, "fields": {"name": "Berlin"}}, {"model": "core.branch", "pk": 1, "fields": {"city": 1, "company": 1, "name": "test", "address": "Текстовый адрес", "link_address": "Ссылка на адрес", "description": "Описание как добраться"}}, {"model": "core.branch", "pk": 2, "fields": {"city": 1, "company": 1, "name": "2", "address": "у", "link_address": "у", "description": "у"}}, {"model": "core.branch", "pk": 3, "fields": {"city": 5, "company": 4, "name": "111111111111111111111111111111", "address": "test", "link_address": "wergfthhtrgwet", "description": "ergreg"}}, {"model": "core.branch", "pk": 4, "fields": {"city": 5, "company": 4, "name": "33333333333333333333333", "address": "erg", "link_address": "erg", "description": "erg"}}, {"model": "core.branch", "pk": 5, "fields": {"city": 5, "company": 4, "name": "44444444444444444", "address": "erg", "link_address": "erg", "description": "erg"}}, {"model": "core.branch", "pk": 6, "fields": {"city": 5, "company": 4, "name": "ewfrg", "address": "erg", "link_address": "erg", "description": "erg"}}, {"model": "core.branch", "pk": 7, "fields": {"city": 5, "company": 4, "name": "rg", "address": "erg", "link_address": "erg", "description": "erg"}}, {"model": "core.branch", "pk": 8, "fields": {"city": 3, "company": 4, "name": "2222222222222222222222", "address": "regerg", "link_address": "ergreg", "description": "ergreg"}}, {"model": "core.branch", "pk": 9, "fields": {"city": 5, "company": 5, "name": "Bb", "address": "Bn", "link_address": "Bb", "description": ""}}, {"model": "core.branch", "pk": 10, "fields": {"city": 1, "company": 1, "name": "IT-REF", "address": "Bishkek, New 24", "link_address": "linkAdress", "description": "description"}}, {"model": "core.branch", "pk": 11, "fields": {"city": 1, "company": 1, "name": "IT-REF", "address": "Bishkek, New 24", "link_address": "linkAdress", "description": "description"}}, {"model": "core.branch", "pk": 12, "fields": {"city": 5, "company": 6, "name": "Iwex", "address": "Bishkek", "link_address": "Test", "description": "Description"}}, {"model": "core.branch", "pk": 13, "fields": {"city": 1, "company": 8, "name": "Test branch", "address": "Addres", "link_address": "Link addres", "description": "Description"}}, {"model": "core.branch", "pk": 14, "fields": {"city": 5, "company": 12, "name": "Hh", "address": "Hh", "link_address": "Hh", "description": ""}}, {"model": "core.branch", "pk": 15, "fields": {"city": 5, "company": 13, "name": "Name", "address": "Snjs", "link_address": "Andh", "description": ""}}, {"model": "core.branch", "pk": 16, "fields": {"city": 5, "company": 13, "name": "Nsjs", "address": "Ssnn", "link_address": "Snsj", "description": ""}}, {"model": "core.branch", "pk": 17, "fields": {"city": 5, "company": 13, "name": "Hsjs", "address": "Snsj", "link_address": "Sns", "description": ""}}, {"model": "core.branch", "pk": 18, "fields": {"city": 5, "company": 13, "name": "Snsj", "address": "Sen", "link_address": "Sn", "description": ""}}, {"model": "core.branch", "pk": 19, "fields": {"city": 5, "company": 13, "name": "Sndn", "address": "Snsj", "link_address": "", "description": ""}}, {"model": "core.branch", "pk": 20, "fields": {"city": 5, "company": 13, "name": "Snne", "address": "Snsn", "link_address": "", "description": ""}}, {"model": "core.branch", "pk": 21, "fields": {"city": 5, "company": 13, "name": "Ba", "address": "Ne", "link_address": "", "description": ""}}, {"model": "core.branch", "pk": 22, "fields": {"city": 5, "company": 13, "name": "S", "address": "Be", "link_address": "", "description": ""}}, {"model": "core.branch", "pk": 23, "fields": {"city": 5, "company": 13, "name": "Nsns", "address": "Senn", "link_address": "", "description": ""}}, {"model": "core.positionemployee", "pk": 1, "fields": {"employer": 2, "name": "Уборщица"}}, {"model": "core.positionemployee", "pk": 2, "fields": {"employer": 2, "name": "string"}}, {"model": "core.positionemployee", "pk": 3, "fields": {"employer": 2, "name": "ewfewf"}}, {"model": "core.positionemployee", "pk": 6, "fields": {"employer": 2, "name": "Ррол"}}, {"model": "core.positionemployee", "pk": 7, "fields": {"employer": 2, "name": "Н"}}, {"model": "core.positionemployee", "pk": 8, "fields": {"employer": 2, "name": "Н"}}, {"model": "core.positionemployee", "pk": 9, "fields": {"employer": 2, "name": "Шш"}}, {"model": "core.positionemployee", "pk": 10, "fields": {"employer": 25, "name": "Hh"}}, {"model": "core.positionemployee", "pk": 11, "fields": {"employer": 2, "name": "security"}}, {"model": "core.positionemployee", "pk": 12, "fields": {"employer": 2, "name": "Fron-end"}}, {"model": "core.positionemployee", "pk": 13, "fields": {"employer": 2, "name": "Front-end"}}, {"model": "core.positionemployee", "pk": 14, "fields": {"employer": 26, "name": "Продавец"}}, {"model": "core.positionemployee", "pk": 15, "fields": {"employer": 28, "name": "Position name"}}, {"model": "core.vacancy", "pk": 1, "fields": {"employer_company": 5, "branch": 9, "position": 10, "duty": "Обязанности", "experience": "Опыт", "clothingform": "Форма", "employee_count": 0, "gender": "", "time_start": "09:17:00", "time_end": "09:17:00", "salary": 888, "salary_increase": "Нет", "description": "", "views_vacancy": 0}}, {"model": "core.vacancy", "pk": 2, "fields": {"employer_company": 5, "branch": 9, "position": 10, "duty": "Обязанности", "experience": "Опыт", "clothingform": "Форма", "employee_count": 888, "gender": "", "time_start": "09:17:00", "time_end": "23:17:00", "salary": 8888, "salary_increase": "Нет", "description": "", "views_vacancy": 0}}, {"model": "core.vacancy", "pk": 3, "fields": {"employer_company": 1, "branch": 2, "position": 1, "duty": "266", "experience": "5454", "clothingform": "845", "employee_count": 44, "gender": "", "time_start": "10:33:00", "time_end": "08:33:00", "salary": 2, "salary_increase": "Да", "description": "", "views_vacancy": 0}}, {"model": "core.vacancy", "pk": 4, "fields": {"employer_company": 1, "branch": 2, "position": 1, "duty": "266", "experience": "5454", "clothingform": "845", "employee_count": 44, "gender": "", "time_start": "10:33:00", "time_end": "08:33:00", "salary": 2, "salary_increase": "Да", "description": "", "views_vacancy": 0}}, {"model": "core.vacancy", "pk": 5, "fields": {"employer_company": 1, "branch": 1, "position": 11, "duty": "description", "experience": "exp", "clothingform": "Form-Security", "employee_count": 3, "gender": "", "time_start": "08:00:00", "time_end": "05:00:00", "salary": 1500, "salary_increase": "Да", "description": "", "views_vacancy": 0}}, {"model": "core.vacancy", "pk": 6, "fields": {"employer_company": 1, "branch": 10, "position": 13, "duty": "duty", "experience": "2 year", "clothingform": "its", "employee_count": 5, "gender": "", "time_start": "08:00:00", "time_end": "06:00:00", "salary": 2500, "salary_increase": "Да", "description": "", "views_vacancy": 0}}, {"model": "core.vacancy", "pk": 7, "fields": {"employer_company": 6, "branch": 12, "position": 14, "duty": "Обязанности", "experience": "Опыт", "clothingform": "Свободная", "employee_count": 2, "gender": "", "time_start": "08:00:00", "time_end": "18:00:00", "salary": 1500, "salary_increase": "Да", "description": "", "views_vacancy": 0}}, {"model": "core.vacancy", "pk": 8, "fields": {"employer_company": 8, "branch": 13, "position": 15, "duty": "Duty", "experience": "Test", "clothingform": "Form", "employee_count": 5, "gender": "", "time_start": "07:25:00", "time_end": "19:25:00", "salary": 500, "salary_increase": "Да", "description": "", "views_vacancy": 0}}]